cf0e9c8b2e92d5181ae8172a2ea452e9,11c1da4da35bba61c05048383520f230
64148628cdd1bffb59e5a928a4fc5e3d,0f09874ddc9bb70511f289342816f4f5
3be57a5ed9d4031d293618547838d09d,2cd5905a780c6a4ced5e91382c079690
c6b8f8bda84ddec7c115a1a9ca6fbcf4,067c96f306cc589fad596d6e354bfca6
2710eba6a6adbecba90d56d8aa187828,c8e9ac9ceeafef98f8e732f4e7b7f22e
f096b033a1f0a5aa3dfeee0ef09432ae,9260eb6b2c26ee573eeef9510faeb105
ea5a8d739feb469f7e8b6d2d07490f6a,621035afc123e5e7a5b028b30c1942fb
e08104886899d9370fd1aab1adca5453,90b69b6141358cb7e5195355197eb483
d11c1d8dc9f268034d093be72790b662,2832638a1eeb3b5030b080d2ac18a07b
512ed1d84c3205f2634b5ea60d30b60d,537298f99cec1d47da84d718eef5b6df
