cf0e9ce240e6b06a698d745e47cb3cd1,11c1da4d95628d57f266710b0513c107
64148641a3a5da892a80ca5ccd93300c,0f3db578eda9863522cbbe021c2ec3c2
3be57a37b7a0666f5a537b201157beaf,2cd5906c493e5a7edf6da5081c3fa6a9
c6b8f8d4c639bbb5b270c2dda300d2c7,064fa5c63ef86fad946a595f077ece96
2710ebcfc8d9dbb9da6835acc377161e,c8e9aca5d899d8accfd305ccd684ca18
f096b05acf84c0d84e9b8d7a99fb5c9b,9256dd531f10da650edfc9633b9e8131
ea5a8d1af19f23ed0dee0e596e26615d,621035afc116d1df94881a803d2c77ce
e08104e106edbc457cb4c9c5c4a53a6a,9081a2577506bb80d62862612f4685b7
d11c1de4a7860d713e6c58934effd856,283251ba2cdb09670686b1e3992a9048
512ed1b122466080102e3dd2645fd83d,5372a8cea8dc2474ecbce328ddc384e7
