d80001146a32eeba88349c547655fb97,702a167507846442e2be67c52c24adbd
d7711965ae873717a83085d9e7e9ddfb,d3e788cb26a391171d9a126e9880a615
e92901ca67e2ec71076cb13c93a2c660,827842f7237c97ea5dddc134595bb81a
8547d52e23d440c9011941d7163db8cb,9d158d2cd75e0180da921207d0814fba
29fb98e8ead7d554f44a354fa0cbc4c8,6e0058077af1917f816440caaecdf64e
66bd63848d8b0625df2596f507efac38,7e321a783852f9caec551f750dfe8eef
f55bb346b5bac15b845453c4ad0967b6,7555936fd0e3fda8b6d56c54c6a50276
eddcbc3b30fde2f05c351946635b4d0b,b9e7857957f1274104755ab71cde7950
da6c8625e05c32efaedef2a6b49f9fc2,476dfa3ce8fe4c2f2aad51aab6ad82b5
cdd35853adcbebd4509b582424c48d46,8493a1266299c23c83d147e62643e801
