3dbe4b8efd0dfca31ca0a49ae1f9609d,3dbe4be7937999d16fc5c7ee88960ea5
9c8ee50315168cc10b5ac3fdd425b3a9,9c8ee56a7b62e9b3783fa089bd4add98
764f7366c033b428bc877096ec622b72,764f730fae47d15acfe213e2850d4540
5e95e3bf26d550433d08083ebd5fdf1c,5e95e3d648a135314e6d6b4ad430b12f
b39e7c84bff2afe0f95b3aeac3afa6c9,d0e37b7a40beea9057bff59e63222854
9b911fb02218b38f21f15b8868b3a451,2b81b8f55eb8dbebe7309cdebf8ee6d5
567eb20a300d620ee807fdb5ea28ca9c,ec1d7d499024c7f1421616905c2b15d1
ce1269ebff9f259231701aeebf877eda,c7f5020f161cbe7369037568c8757ee4
2b81b89c30ccbe999455ffaad6e188e1,ffaef433e95e6c096a017785634f6d33
ec1d7d20fe50a283317375e435447be1,53c42601035db4975e6328cc9790f62c
