00000000000000000000000000000000,AA0000,
00000000000000020000000000000002,AA0002,
00000000000000040000000000000004,AA0004,
00000000000000060000000000000006,AA0006,
00000000000000080000000000000008,AA0008,
000000000000000a000000000000000a,AA000a,
000000000000000c000000000000000c,AA000c,
000000000000000e000000000000000e,AA000e,
00000000000000100000000000000010,AA0010,
00000000000000120000000000000012,AA0012,
00000000000000140000000000000014,AA0014,
00000000000000160000000000000016,AA0016,
00000000000000180000000000000018,AA0018,
000000000000001a000000000000001a,AA001a,
000000000000001c000000000000001c,AA001c,
000000000000001e000000000000001e,AA001e,
00000000000000200000000000000020,AA0020,
00000000000000220000000000000022,AA0022,
00000000000000240000000000000024,AA0024,
00000000000000260000000000000026,AA0026,
00000000000000280000000000000028,AA0028,
000000000000002a000000000000002a,AA002a,
000000000000002c000000000000002c,AA002c,
000000000000002e000000000000002e,AA002e,
00000000000000300000000000000030,AA0030,
00000000000000320000000000000032,AA0032,
00000000000000340000000000000034,AA0034,
00000000000000360000000000000036,AA0036,
00000000000000380000000000000038,AA0038,
000000000000003a000000000000003a,AA003a,
000000000000003c000000000000003c,AA003c,
000000000000003e000000000000003e,AA003e,
00000000000000400000000000000040,AA0040,
00000000000000420000000000000042,AA0042,
00000000000000440000000000000044,AA0044,
00000000000000460000000000000046,AA0046,
00000000000000480000000000000048,AA0048,
000000000000004a000000000000004a,AA004a,
000000000000004c000000000000004c,AA004c,
000000000000004e000000000000004e,AA004e,
00000000000000500000000000000050,AA0050,
00000000000000520000000000000052,AA0052,
00000000000000540000000000000054,AA0054,
00000000000000560000000000000056,AA0056,
00000000000000580000000000000058,AA0058,
000000000000005a000000000000005a,AA005a,
000000000000005c000000000000005c,AA005c,
000000000000005e000000000000005e,AA005e,
00000000000000600000000000000060,AA0060,
00000000000000620000000000000062,AA0062,
00000000000000640000000000000064,AA0064,
00000000000000660000000000000066,AA0066,
00000000000000680000000000000068,AA0068,
000000000000006a000000000000006a,AA006a,
000000000000006c000000000000006c,AA006c,
000000000000006e000000000000006e,AA006e,
00000000000000700000000000000070,AA0070,
00000000000000720000000000000072,AA0072,
00000000000000740000000000000074,AA0074,
00000000000000760000000000000076,AA0076,
00000000000000780000000000000078,AA0078,
000000000000007a000000000000007a,AA007a,
000000000000007c000000000000007c,AA007c,
000000000000007e000000000000007e,AA007e,
00000000000000800000000000000080,AA0080,
00000000000000820000000000000082,AA0082,
00000000000000840000000000000084,AA0084,
00000000000000860000000000000086,AA0086,
00000000000000880000000000000088,AA0088,
000000000000008a000000000000008a,AA008a,
000000000000008c000000000000008c,AA008c,
000000000000008e000000000000008e,AA008e,
00000000000000900000000000000090,AA0090,
00000000000000920000000000000092,AA0092,
00000000000000940000000000000094,AA0094,
00000000000000960000000000000096,AA0096,
00000000000000980000000000000098,AA0098,
000000000000009a000000000000009a,AA009a,
000000000000009c000000000000009c,AA009c,
000000000000009e000000000000009e,AA009e,
00000000000000a000000000000000a0,AA00a0,
00000000000000a200000000000000a2,AA00a2,
00000000000000a400000000000000a4,AA00a4,
00000000000000a600000000000000a6,AA00a6,
00000000000000a800000000000000a8,AA00a8,
00000000000000aa00000000000000aa,AA00aa,
00000000000000ac00000000000000ac,AA00ac,
00000000000000ae00000000000000ae,AA00ae,
00000000000000b000000000000000b0,AA00b0,
00000000000000b200000000000000b2,AA00b2,
00000000000000b400000000000000b4,AA00b4,
00000000000000b600000000000000b6,AA00b6,
00000000000000b800000000000000b8,AA00b8,
00000000000000ba00000000000000ba,AA00ba,
00000000000000bc00000000000000bc,AA00bc,
00000000000000be00000000000000be,AA00be,
00000000000000c000000000000000c0,AA00c0,
00000000000000c200000000000000c2,AA00c2,
00000000000000c400000000000000c4,AA00c4,
00000000000000c600000000000000c6,AA00c6,
00000000000000c800000000000000c8,AA00c8,
00000000000000ca00000000000000ca,AA00ca,
00000000000000cc00000000000000cc,AA00cc,
00000000000000ce00000000000000ce,AA00ce,
00000000000000d000000000000000d0,AA00d0,
00000000000000d200000000000000d2,AA00d2,
00000000000000d400000000000000d4,AA00d4,
00000000000000d600000000000000d6,AA00d6,
00000000000000d800000000000000d8,AA00d8,
00000000000000da00000000000000da,AA00da,
00000000000000dc00000000000000dc,AA00dc,
00000000000000de00000000000000de,AA00de,
00000000000000e000000000000000e0,AA00e0,
00000000000000e200000000000000e2,AA00e2,
00000000000000e400000000000000e4,AA00e4,
00000000000000e600000000000000e6,AA00e6,
00000000000000e800000000000000e8,AA00e8,
00000000000000ea00000000000000ea,AA00ea,
00000000000000ec00000000000000ec,AA00ec,
00000000000000ee00000000000000ee,AA00ee,
00000000000000f000000000000000f0,AA00f0,
00000000000000f200000000000000f2,AA00f2,
00000000000000f400000000000000f4,AA00f4,
00000000000000f600000000000000f6,AA00f6,
00000000000000f800000000000000f8,AA00f8,
00000000000000fa00000000000000fa,AA00fa,
00000000000000fc00000000000000fc,AA00fc,
00000000000000fe00000000000000fe,AA00fe,
00000000000001000000000000000100,AA0100,
00000000000001020000000000000102,AA0102,
00000000000001040000000000000104,AA0104,
00000000000001060000000000000106,AA0106,
00000000000001080000000000000108,AA0108,
000000000000010a000000000000010a,AA010a,
000000000000010c000000000000010c,AA010c,
000000000000010e000000000000010e,AA010e,
00000000000001100000000000000110,AA0110,
00000000000001120000000000000112,AA0112,
00000000000001140000000000000114,AA0114,
00000000000001160000000000000116,AA0116,
00000000000001180000000000000118,AA0118,
000000000000011a000000000000011a,AA011a,
000000000000011c000000000000011c,AA011c,
000000000000011e000000000000011e,AA011e,
00000000000001200000000000000120,AA0120,
00000000000001220000000000000122,AA0122,
00000000000001240000000000000124,AA0124,
00000000000001260000000000000126,AA0126,
00000000000001280000000000000128,AA0128,
000000000000012a000000000000012a,AA012a,
000000000000012c000000000000012c,AA012c,
000000000000012e000000000000012e,AA012e,
00000000000001300000000000000130,AA0130,
00000000000001320000000000000132,AA0132,
00000000000001340000000000000134,AA0134,
00000000000001360000000000000136,AA0136,
00000000000001380000000000000138,AA0138,
000000000000013a000000000000013a,AA013a,
000000000000013c000000000000013c,AA013c,
000000000000013e000000000000013e,AA013e,
00000000000001400000000000000140,AA0140,
00000000000001420000000000000142,AA0142,
00000000000001440000000000000144,AA0144,
00000000000001460000000000000146,AA0146,
00000000000001480000000000000148,AA0148,
000000000000014a000000000000014a,AA014a,
000000000000014c000000000000014c,AA014c,
000000000000014e000000000000014e,AA014e,
00000000000001500000000000000150,AA0150,
00000000000001520000000000000152,AA0152,
00000000000001540000000000000154,AA0154,
00000000000001560000000000000156,AA0156,
00000000000001580000000000000158,AA0158,
000000000000015a000000000000015a,AA015a,
000000000000015c000000000000015c,AA015c,
000000000000015e000000000000015e,AA015e,
00000000000001600000000000000160,AA0160,
00000000000001620000000000000162,AA0162,
00000000000001640000000000000164,AA0164,
00000000000001660000000000000166,AA0166,
00000000000001680000000000000168,AA0168,
000000000000016a000000000000016a,AA016a,
000000000000016c000000000000016c,AA016c,
000000000000016e000000000000016e,AA016e,
00000000000001700000000000000170,AA0170,
00000000000001720000000000000172,AA0172,
00000000000001740000000000000174,AA0174,
00000000000001760000000000000176,AA0176,
00000000000001780000000000000178,AA0178,
000000000000017a000000000000017a,AA017a,
000000000000017c000000000000017c,AA017c,
000000000000017e000000000000017e,AA017e,
00000000000001800000000000000180,AA0180,
00000000000001820000000000000182,AA0182,
00000000000001840000000000000184,AA0184,
00000000000001860000000000000186,AA0186,
00000000000001880000000000000188,AA0188,
000000000000018a000000000000018a,AA018a,
000000000000018c000000000000018c,AA018c,
000000000000018e000000000000018e,AA018e,
00000000000001900000000000000190,AA0190,
00000000000001920000000000000192,AA0192,
00000000000001940000000000000194,AA0194,
00000000000001960000000000000196,AA0196,
00000000000001980000000000000198,AA0198,
000000000000019a000000000000019a,AA019a,
000000000000019c000000000000019c,AA019c,
000000000000019e000000000000019e,AA019e,
00000000000001a000000000000001a0,AA01a0,
00000000000001a200000000000001a2,AA01a2,
00000000000001a400000000000001a4,AA01a4,
00000000000001a600000000000001a6,AA01a6,
00000000000001a800000000000001a8,AA01a8,
00000000000001aa00000000000001aa,AA01aa,
00000000000001ac00000000000001ac,AA01ac,
00000000000001ae00000000000001ae,AA01ae,
00000000000001b000000000000001b0,AA01b0,
00000000000001b200000000000001b2,AA01b2,
00000000000001b400000000000001b4,AA01b4,
00000000000001b600000000000001b6,AA01b6,
00000000000001b800000000000001b8,AA01b8,
00000000000001ba00000000000001ba,AA01ba,
00000000000001bc00000000000001bc,AA01bc,
00000000000001be00000000000001be,AA01be,
00000000000001c000000000000001c0,AA01c0,
00000000000001c200000000000001c2,AA01c2,
00000000000001c400000000000001c4,AA01c4,
00000000000001c600000000000001c6,AA01c6,
00000000000001c800000000000001c8,AA01c8,
00000000000001ca00000000000001ca,AA01ca,
00000000000001cc00000000000001cc,AA01cc,
00000000000001ce00000000000001ce,AA01ce,
00000000000001d000000000000001d0,AA01d0,
00000000000001d200000000000001d2,AA01d2,
00000000000001d400000000000001d4,AA01d4,
00000000000001d600000000000001d6,AA01d6,
00000000000001d800000000000001d8,AA01d8,
00000000000001da00000000000001da,AA01da,
00000000000001dc00000000000001dc,AA01dc,
00000000000001de00000000000001de,AA01de,
00000000000001e000000000000001e0,AA01e0,
00000000000001e200000000000001e2,AA01e2,
00000000000001e400000000000001e4,AA01e4,
00000000000001e600000000000001e6,AA01e6,
00000000000001e800000000000001e8,AA01e8,
00000000000001ea00000000000001ea,AA01ea,
00000000000001ec00000000000001ec,AA01ec,
00000000000001ee00000000000001ee,AA01ee,
00000000000001f000000000000001f0,AA01f0,
00000000000001f200000000000001f2,AA01f2,
00000000000001f400000000000001f4,AA01f4,
00000000000001f600000000000001f6,AA01f6,
00000000000001f800000000000001f8,AA01f8,
00000000000001fa00000000000001fa,AA01fa,
00000000000001fc00000000000001fc,AA01fc,
00000000000001fe00000000000001fe,AA01fe,
00000000000002000000000000000200,AA0200,
00000000000002020000000000000202,AA0202,
00000000000002040000000000000204,AA0204,
00000000000002060000000000000206,AA0206,
00000000000002080000000000000208,AA0208,
000000000000020a000000000000020a,AA020a,
000000000000020c000000000000020c,AA020c,
000000000000020e000000000000020e,AA020e,
00000000000002100000000000000210,AA0210,
00000000000002120000000000000212,AA0212,
00000000000002140000000000000214,AA0214,
00000000000002160000000000000216,AA0216,
00000000000002180000000000000218,AA0218,
000000000000021a000000000000021a,AA021a,
000000000000021c000000000000021c,AA021c,
000000000000021e000000000000021e,AA021e,
00000000000002200000000000000220,AA0220,
00000000000002220000000000000222,AA0222,
00000000000002240000000000000224,AA0224,
00000000000002260000000000000226,AA0226,
00000000000002280000000000000228,AA0228,
000000000000022a000000000000022a,AA022a,
000000000000022c000000000000022c,AA022c,
000000000000022e000000000000022e,AA022e,
00000000000002300000000000000230,AA0230,
00000000000002320000000000000232,AA0232,
00000000000002340000000000000234,AA0234,
00000000000002360000000000000236,AA0236,
00000000000002380000000000000238,AA0238,
000000000000023a000000000000023a,AA023a,
000000000000023c000000000000023c,AA023c,
000000000000023e000000000000023e,AA023e,
00000000000002400000000000000240,AA0240,
00000000000002420000000000000242,AA0242,
00000000000002440000000000000244,AA0244,
00000000000002460000000000000246,AA0246,
00000000000002480000000000000248,AA0248,
000000000000024a000000000000024a,AA024a,
000000000000024c000000000000024c,AA024c,
000000000000024e000000000000024e,AA024e,
00000000000002500000000000000250,AA0250,
00000000000002520000000000000252,AA0252,
00000000000002540000000000000254,AA0254,
00000000000002560000000000000256,AA0256,
00000000000002580000000000000258,AA0258,
000000000000025a000000000000025a,AA025a,
000000000000025c000000000000025c,AA025c,
000000000000025e000000000000025e,AA025e,
00000000000002600000000000000260,AA0260,
00000000000002620000000000000262,AA0262,
00000000000002640000000000000264,AA0264,
00000000000002660000000000000266,AA0266,
00000000000002680000000000000268,AA0268,
000000000000026a000000000000026a,AA026a,
000000000000026c000000000000026c,AA026c,
000000000000026e000000000000026e,AA026e,
00000000000002700000000000000270,AA0270,
00000000000002720000000000000272,AA0272,
00000000000002740000000000000274,AA0274,
00000000000002760000000000000276,AA0276,
00000000000002780000000000000278,AA0278,
000000000000027a000000000000027a,AA027a,
000000000000027c000000000000027c,AA027c,
000000000000027e000000000000027e,AA027e,
00000000000002800000000000000280,AA0280,
00000000000002820000000000000282,AA0282,
00000000000002840000000000000284,AA0284,
00000000000002860000000000000286,AA0286,
00000000000002880000000000000288,AA0288,
000000000000028a000000000000028a,AA028a,
000000000000028c000000000000028c,AA028c,
000000000000028e000000000000028e,AA028e,
00000000000002900000000000000290,AA0290,
00000000000002920000000000000292,AA0292,
00000000000002940000000000000294,AA0294,
00000000000002960000000000000296,AA0296,
00000000000002980000000000000298,AA0298,
000000000000029a000000000000029a,AA029a,
000000000000029c000000000000029c,AA029c,
000000000000029e000000000000029e,AA029e,
00000000000002a000000000000002a0,AA02a0,
00000000000002a200000000000002a2,AA02a2,
00000000000002a400000000000002a4,AA02a4,
00000000000002a600000000000002a6,AA02a6,
00000000000002a800000000000002a8,AA02a8,
00000000000002aa00000000000002aa,AA02aa,
00000000000002ac00000000000002ac,AA02ac,
00000000000002ae00000000000002ae,AA02ae,
00000000000002b000000000000002b0,AA02b0,
00000000000002b200000000000002b2,AA02b2,
00000000000002b400000000000002b4,AA02b4,
00000000000002b600000000000002b6,AA02b6,
00000000000002b800000000000002b8,AA02b8,
00000000000002ba00000000000002ba,AA02ba,
00000000000002bc00000000000002bc,AA02bc,
00000000000002be00000000000002be,AA02be,
00000000000002c000000000000002c0,AA02c0,
00000000000002c200000000000002c2,AA02c2,
00000000000002c400000000000002c4,AA02c4,
00000000000002c600000000000002c6,AA02c6,
00000000000002c800000000000002c8,AA02c8,
00000000000002ca00000000000002ca,AA02ca,
00000000000002cc00000000000002cc,AA02cc,
00000000000002ce00000000000002ce,AA02ce,
00000000000002d000000000000002d0,AA02d0,
00000000000002d200000000000002d2,AA02d2,
00000000000002d400000000000002d4,AA02d4,
00000000000002d600000000000002d6,AA02d6,
00000000000002d800000000000002d8,AA02d8,
00000000000002da00000000000002da,AA02da,
00000000000002dc00000000000002dc,AA02dc,
00000000000002de00000000000002de,AA02de,
00000000000002e000000000000002e0,AA02e0,
00000000000002e200000000000002e2,AA02e2,
00000000000002e400000000000002e4,AA02e4,
00000000000002e600000000000002e6,AA02e6,
00000000000002e800000000000002e8,AA02e8,
00000000000002ea00000000000002ea,AA02ea,
00000000000002ec00000000000002ec,AA02ec,
00000000000002ee00000000000002ee,AA02ee,
00000000000002f000000000000002f0,AA02f0,
00000000000002f200000000000002f2,AA02f2,
00000000000002f400000000000002f4,AA02f4,
00000000000002f600000000000002f6,AA02f6,
00000000000002f800000000000002f8,AA02f8,
00000000000002fa00000000000002fa,AA02fa,
00000000000002fc00000000000002fc,AA02fc,
00000000000002fe00000000000002fe,AA02fe,
00000000000003000000000000000300,AA0300,
00000000000003020000000000000302,AA0302,
00000000000003040000000000000304,AA0304,
00000000000003060000000000000306,AA0306,
00000000000003080000000000000308,AA0308,
000000000000030a000000000000030a,AA030a,
000000000000030c000000000000030c,AA030c,
000000000000030e000000000000030e,AA030e,
00000000000003100000000000000310,AA0310,
00000000000003120000000000000312,AA0312,
00000000000003140000000000000314,AA0314,
00000000000003160000000000000316,AA0316,
00000000000003180000000000000318,AA0318,
000000000000031a000000000000031a,AA031a,
000000000000031c000000000000031c,AA031c,
000000000000031e000000000000031e,AA031e,
00000000000003200000000000000320,AA0320,
00000000000003220000000000000322,AA0322,
00000000000003240000000000000324,AA0324,
00000000000003260000000000000326,AA0326,
00000000000003280000000000000328,AA0328,
000000000000032a000000000000032a,AA032a,
000000000000032c000000000000032c,AA032c,
000000000000032e000000000000032e,AA032e,
00000000000003300000000000000330,AA0330,
00000000000003320000000000000332,AA0332,
00000000000003340000000000000334,AA0334,
00000000000003360000000000000336,AA0336,
00000000000003380000000000000338,AA0338,
000000000000033a000000000000033a,AA033a,
000000000000033c000000000000033c,AA033c,
000000000000033e000000000000033e,AA033e,
00000000000003400000000000000340,AA0340,
00000000000003420000000000000342,AA0342,
00000000000003440000000000000344,AA0344,
00000000000003460000000000000346,AA0346,
00000000000003480000000000000348,AA0348,
000000000000034a000000000000034a,AA034a,
000000000000034c000000000000034c,AA034c,
000000000000034e000000000000034e,AA034e,
00000000000003500000000000000350,AA0350,
00000000000003520000000000000352,AA0352,
00000000000003540000000000000354,AA0354,
00000000000003560000000000000356,AA0356,
00000000000003580000000000000358,AA0358,
000000000000035a000000000000035a,AA035a,
000000000000035c000000000000035c,AA035c,
000000000000035e000000000000035e,AA035e,
00000000000003600000000000000360,AA0360,
00000000000003620000000000000362,AA0362,
00000000000003640000000000000364,AA0364,
00000000000003660000000000000366,AA0366,
00000000000003680000000000000368,AA0368,
000000000000036a000000000000036a,AA036a,
000000000000036c000000000000036c,AA036c,
000000000000036e000000000000036e,AA036e,
00000000000003700000000000000370,AA0370,
00000000000003720000000000000372,AA0372,
00000000000003740000000000000374,AA0374,
00000000000003760000000000000376,AA0376,
00000000000003780000000000000378,AA0378,
000000000000037a000000000000037a,AA037a,
000000000000037c000000000000037c,AA037c,
000000000000037e000000000000037e,AA037e,
00000000000003800000000000000380,AA0380,
00000000000003820000000000000382,AA0382,
00000000000003840000000000000384,AA0384,
00000000000003860000000000000386,AA0386,
00000000000003880000000000000388,AA0388,
000000000000038a000000000000038a,AA038a,
000000000000038c000000000000038c,AA038c,
000000000000038e000000000000038e,AA038e,
00000000000003900000000000000390,AA0390,
00000000000003920000000000000392,AA0392,
00000000000003940000000000000394,AA0394,
00000000000003960000000000000396,AA0396,
00000000000003980000000000000398,AA0398,
000000000000039a000000000000039a,AA039a,
000000000000039c000000000000039c,AA039c,
000000000000039e000000000000039e,AA039e,
00000000000003a000000000000003a0,AA03a0,
00000000000003a200000000000003a2,AA03a2,
00000000000003a400000000000003a4,AA03a4,
00000000000003a600000000000003a6,AA03a6,
00000000000003a800000000000003a8,AA03a8,
00000000000003aa00000000000003aa,AA03aa,
00000000000003ac00000000000003ac,AA03ac,
00000000000003ae00000000000003ae,AA03ae,
00000000000003b000000000000003b0,AA03b0,
00000000000003b200000000000003b2,AA03b2,
00000000000003b400000000000003b4,AA03b4,
00000000000003b600000000000003b6,AA03b6,
00000000000003b800000000000003b8,AA03b8,
00000000000003ba00000000000003ba,AA03ba,
00000000000003bc00000000000003bc,AA03bc,
00000000000003be00000000000003be,AA03be,
00000000000003c000000000000003c0,AA03c0,
00000000000003c200000000000003c2,AA03c2,
00000000000003c400000000000003c4,AA03c4,
00000000000003c600000000000003c6,AA03c6,
00000000000003c800000000000003c8,AA03c8,
00000000000003ca00000000000003ca,AA03ca,
00000000000003cc00000000000003cc,AA03cc,
00000000000003ce00000000000003ce,AA03ce,
00000000000003d000000000000003d0,AA03d0,
00000000000003d200000000000003d2,AA03d2,
00000000000003d400000000000003d4,AA03d4,
00000000000003d600000000000003d6,AA03d6,
00000000000003d800000000000003d8,AA03d8,
00000000000003da00000000000003da,AA03da,
00000000000003dc00000000000003dc,AA03dc,
00000000000003de00000000000003de,AA03de,
00000000000003e000000000000003e0,AA03e0,
00000000000003e200000000000003e2,AA03e2,
00000000000003e400000000000003e4,AA03e4,
00000000000003e600000000000003e6,AA03e6,
00000000000003e800000000000003e8,AA03e8,
00000000000003ea00000000000003ea,AA03ea,
00000000000003ec00000000000003ec,AA03ec,
00000000000003ee00000000000003ee,AA03ee,
00000000000003f000000000000003f0,AA03f0,
00000000000003f200000000000003f2,AA03f2,
00000000000003f400000000000003f4,AA03f4,
00000000000003f600000000000003f6,AA03f6,
00000000000003f800000000000003f8,AA03f8,
00000000000003fa00000000000003fa,AA03fa,
00000000000003fc00000000000003fc,AA03fc,
00000000000003fe00000000000003fe,AA03fe,
00000000000004000000000000000400,AA0400,
00000000000004020000000000000402,AA0402,
00000000000004040000000000000404,AA0404,
00000000000004060000000000000406,AA0406,
00000000000004080000000000000408,AA0408,
000000000000040a000000000000040a,AA040a,
000000000000040c000000000000040c,AA040c,
000000000000040e000000000000040e,AA040e,
00000000000004100000000000000410,AA0410,
00000000000004120000000000000412,AA0412,
00000000000004140000000000000414,AA0414,
00000000000004160000000000000416,AA0416,
00000000000004180000000000000418,AA0418,
000000000000041a000000000000041a,AA041a,
000000000000041c000000000000041c,AA041c,
000000000000041e000000000000041e,AA041e,
00000000000004200000000000000420,AA0420,
00000000000004220000000000000422,AA0422,
00000000000004240000000000000424,AA0424,
00000000000004260000000000000426,AA0426,
00000000000004280000000000000428,AA0428,
000000000000042a000000000000042a,AA042a,
000000000000042c000000000000042c,AA042c,
000000000000042e000000000000042e,AA042e,
00000000000004300000000000000430,AA0430,
00000000000004320000000000000432,AA0432,
00000000000004340000000000000434,AA0434,
00000000000004360000000000000436,AA0436,
00000000000004380000000000000438,AA0438,
000000000000043a000000000000043a,AA043a,
000000000000043c000000000000043c,AA043c,
000000000000043e000000000000043e,AA043e,
00000000000004400000000000000440,AA0440,
00000000000004420000000000000442,AA0442,
00000000000004440000000000000444,AA0444,
00000000000004460000000000000446,AA0446,
00000000000004480000000000000448,AA0448,
000000000000044a000000000000044a,AA044a,
000000000000044c000000000000044c,AA044c,
000000000000044e000000000000044e,AA044e,
00000000000004500000000000000450,AA0450,
00000000000004520000000000000452,AA0452,
00000000000004540000000000000454,AA0454,
00000000000004560000000000000456,AA0456,
00000000000004580000000000000458,AA0458,
000000000000045a000000000000045a,AA045a,
000000000000045c000000000000045c,AA045c,
000000000000045e000000000000045e,AA045e,
00000000000004600000000000000460,AA0460,
00000000000004620000000000000462,AA0462,
00000000000004640000000000000464,AA0464,
00000000000004660000000000000466,AA0466,
00000000000004680000000000000468,AA0468,
000000000000046a000000000000046a,AA046a,
000000000000046c000000000000046c,AA046c,
000000000000046e000000000000046e,AA046e,
00000000000004700000000000000470,AA0470,
00000000000004720000000000000472,AA0472,
00000000000004740000000000000474,AA0474,
00000000000004760000000000000476,AA0476,
00000000000004780000000000000478,AA0478,
000000000000047a000000000000047a,AA047a,
000000000000047c000000000000047c,AA047c,
000000000000047e000000000000047e,AA047e,
00000000000004800000000000000480,AA0480,
00000000000004820000000000000482,AA0482,
00000000000004840000000000000484,AA0484,
00000000000004860000000000000486,AA0486,
00000000000004880000000000000488,AA0488,
000000000000048a000000000000048a,AA048a,
000000000000048c000000000000048c,AA048c,
000000000000048e000000000000048e,AA048e,
00000000000004900000000000000490,AA0490,
00000000000004920000000000000492,AA0492,
00000000000004940000000000000494,AA0494,
00000000000004960000000000000496,AA0496,
00000000000004980000000000000498,AA0498,
000000000000049a000000000000049a,AA049a,
000000000000049c000000000000049c,AA049c,
000000000000049e000000000000049e,AA049e,
00000000000004a000000000000004a0,AA04a0,
00000000000004a200000000000004a2,AA04a2,
00000000000004a400000000000004a4,AA04a4,
00000000000004a600000000000004a6,AA04a6,
00000000000004a800000000000004a8,AA04a8,
00000000000004aa00000000000004aa,AA04aa,
00000000000004ac00000000000004ac,AA04ac,
00000000000004ae00000000000004ae,AA04ae,
00000000000004b000000000000004b0,AA04b0,
00000000000004b200000000000004b2,AA04b2,
00000000000004b400000000000004b4,AA04b4,
00000000000004b600000000000004b6,AA04b6,
00000000000004b800000000000004b8,AA04b8,
00000000000004ba00000000000004ba,AA04ba,
00000000000004bc00000000000004bc,AA04bc,
00000000000004be00000000000004be,AA04be,
00000000000004c000000000000004c0,AA04c0,
00000000000004c200000000000004c2,AA04c2,
00000000000004c400000000000004c4,AA04c4,
00000000000004c600000000000004c6,AA04c6,
00000000000004c800000000000004c8,AA04c8,
00000000000004ca00000000000004ca,AA04ca,
00000000000004cc00000000000004cc,AA04cc,
00000000000004ce00000000000004ce,AA04ce,
00000000000004d000000000000004d0,AA04d0,
00000000000004d200000000000004d2,AA04d2,
00000000000004d400000000000004d4,AA04d4,
00000000000004d600000000000004d6,AA04d6,
00000000000004d800000000000004d8,AA04d8,
00000000000004da00000000000004da,AA04da,
00000000000004dc00000000000004dc,AA04dc,
00000000000004de00000000000004de,AA04de,
00000000000004e000000000000004e0,AA04e0,
00000000000004e200000000000004e2,AA04e2,
00000000000004e400000000000004e4,AA04e4,
00000000000004e600000000000004e6,AA04e6,
00000000000004e800000000000004e8,AA04e8,
00000000000004ea00000000000004ea,AA04ea,
00000000000004ec00000000000004ec,AA04ec,
00000000000004ee00000000000004ee,AA04ee,
00000000000004f000000000000004f0,AA04f0,
00000000000004f200000000000004f2,AA04f2,
00000000000004f400000000000004f4,AA04f4,
00000000000004f600000000000004f6,AA04f6,
00000000000004f800000000000004f8,AA04f8,
00000000000004fa00000000000004fa,AA04fa,
00000000000004fc00000000000004fc,AA04fc,
00000000000004fe00000000000004fe,AA04fe,
00000000000005000000000000000500,AA0500,
00000000000005020000000000000502,AA0502,
00000000000005040000000000000504,AA0504,
00000000000005060000000000000506,AA0506,
00000000000005080000000000000508,AA0508,
000000000000050a000000000000050a,AA050a,
000000000000050c000000000000050c,AA050c,
000000000000050e000000000000050e,AA050e,
00000000000005100000000000000510,AA0510,
00000000000005120000000000000512,AA0512,
00000000000005140000000000000514,AA0514,
00000000000005160000000000000516,AA0516,
00000000000005180000000000000518,AA0518,
000000000000051a000000000000051a,AA051a,
000000000000051c000000000000051c,AA051c,
000000000000051e000000000000051e,AA051e,
00000000000005200000000000000520,AA0520,
00000000000005220000000000000522,AA0522,
00000000000005240000000000000524,AA0524,
00000000000005260000000000000526,AA0526,
00000000000005280000000000000528,AA0528,
000000000000052a000000000000052a,AA052a,
000000000000052c000000000000052c,AA052c,
000000000000052e000000000000052e,AA052e,
00000000000005300000000000000530,AA0530,
00000000000005320000000000000532,AA0532,
00000000000005340000000000000534,AA0534,
00000000000005360000000000000536,AA0536,
00000000000005380000000000000538,AA0538,
000000000000053a000000000000053a,AA053a,
000000000000053c000000000000053c,AA053c,
000000000000053e000000000000053e,AA053e,
00000000000005400000000000000540,AA0540,
00000000000005420000000000000542,AA0542,
00000000000005440000000000000544,AA0544,
00000000000005460000000000000546,AA0546,
00000000000005480000000000000548,AA0548,
000000000000054a000000000000054a,AA054a,
000000000000054c000000000000054c,AA054c,
000000000000054e000000000000054e,AA054e,
00000000000005500000000000000550,AA0550,
00000000000005520000000000000552,AA0552,
00000000000005540000000000000554,AA0554,
00000000000005560000000000000556,AA0556,
00000000000005580000000000000558,AA0558,
000000000000055a000000000000055a,AA055a,
000000000000055c000000000000055c,AA055c,
000000000000055e000000000000055e,AA055e,
00000000000005600000000000000560,AA0560,
00000000000005620000000000000562,AA0562,
00000000000005640000000000000564,AA0564,
00000000000005660000000000000566,AA0566,
00000000000005680000000000000568,AA0568,
000000000000056a000000000000056a,AA056a,
000000000000056c000000000000056c,AA056c,
000000000000056e000000000000056e,AA056e,
00000000000005700000000000000570,AA0570,
00000000000005720000000000000572,AA0572,
00000000000005740000000000000574,AA0574,
00000000000005760000000000000576,AA0576,
00000000000005780000000000000578,AA0578,
000000000000057a000000000000057a,AA057a,
000000000000057c000000000000057c,AA057c,
000000000000057e000000000000057e,AA057e,
00000000000005800000000000000580,AA0580,
00000000000005820000000000000582,AA0582,
00000000000005840000000000000584,AA0584,
00000000000005860000000000000586,AA0586,
00000000000005880000000000000588,AA0588,
000000000000058a000000000000058a,AA058a,
000000000000058c000000000000058c,AA058c,
000000000000058e000000000000058e,AA058e,
00000000000005900000000000000590,AA0590,
00000000000005920000000000000592,AA0592,
00000000000005940000000000000594,AA0594,
00000000000005960000000000000596,AA0596,
00000000000005980000000000000598,AA0598,
000000000000059a000000000000059a,AA059a,
000000000000059c000000000000059c,AA059c,
000000000000059e000000000000059e,AA059e,
00000000000005a000000000000005a0,AA05a0,
00000000000005a200000000000005a2,AA05a2,
00000000000005a400000000000005a4,AA05a4,
00000000000005a600000000000005a6,AA05a6,
00000000000005a800000000000005a8,AA05a8,
00000000000005aa00000000000005aa,AA05aa,
00000000000005ac00000000000005ac,AA05ac,
00000000000005ae00000000000005ae,AA05ae,
00000000000005b000000000000005b0,AA05b0,
00000000000005b200000000000005b2,AA05b2,
00000000000005b400000000000005b4,AA05b4,
00000000000005b600000000000005b6,AA05b6,
00000000000005b800000000000005b8,AA05b8,
00000000000005ba00000000000005ba,AA05ba,
00000000000005bc00000000000005bc,AA05bc,
00000000000005be00000000000005be,AA05be,
00000000000005c000000000000005c0,AA05c0,
00000000000005c200000000000005c2,AA05c2,
00000000000005c400000000000005c4,AA05c4,
00000000000005c600000000000005c6,AA05c6,
00000000000005c800000000000005c8,AA05c8,
00000000000005ca00000000000005ca,AA05ca,
00000000000005cc00000000000005cc,AA05cc,
00000000000005ce00000000000005ce,AA05ce,
00000000000005d000000000000005d0,AA05d0,
00000000000005d200000000000005d2,AA05d2,
00000000000005d400000000000005d4,AA05d4,
00000000000005d600000000000005d6,AA05d6,
00000000000005d800000000000005d8,AA05d8,
00000000000005da00000000000005da,AA05da,
00000000000005dc00000000000005dc,AA05dc,
00000000000005de00000000000005de,AA05de,
00000000000005e000000000000005e0,AA05e0,
00000000000005e200000000000005e2,AA05e2,
00000000000005e400000000000005e4,AA05e4,
00000000000005e600000000000005e6,AA05e6,
00000000000005e800000000000005e8,AA05e8,
00000000000005ea00000000000005ea,AA05ea,
00000000000005ec00000000000005ec,AA05ec,
00000000000005ee00000000000005ee,AA05ee,
00000000000005f000000000000005f0,AA05f0,
00000000000005f200000000000005f2,AA05f2,
00000000000005f400000000000005f4,AA05f4,
00000000000005f600000000000005f6,AA05f6,
00000000000005f800000000000005f8,AA05f8,
00000000000005fa00000000000005fa,AA05fa,
00000000000005fc00000000000005fc,AA05fc,
00000000000005fe00000000000005fe,AA05fe,
00000000000006000000000000000600,AA0600,
00000000000006020000000000000602,AA0602,
00000000000006040000000000000604,AA0604,
00000000000006060000000000000606,AA0606,
00000000000006080000000000000608,AA0608,
000000000000060a000000000000060a,AA060a,
000000000000060c000000000000060c,AA060c,
000000000000060e000000000000060e,AA060e,
00000000000006100000000000000610,AA0610,
00000000000006120000000000000612,AA0612,
00000000000006140000000000000614,AA0614,
00000000000006160000000000000616,AA0616,
00000000000006180000000000000618,AA0618,
000000000000061a000000000000061a,AA061a,
000000000000061c000000000000061c,AA061c,
000000000000061e000000000000061e,AA061e,
00000000000006200000000000000620,AA0620,
00000000000006220000000000000622,AA0622,
00000000000006240000000000000624,AA0624,
00000000000006260000000000000626,AA0626,
00000000000006280000000000000628,AA0628,
000000000000062a000000000000062a,AA062a,
000000000000062c000000000000062c,AA062c,
000000000000062e000000000000062e,AA062e,
00000000000006300000000000000630,AA0630,
00000000000006320000000000000632,AA0632,
00000000000006340000000000000634,AA0634,
00000000000006360000000000000636,AA0636,
00000000000006380000000000000638,AA0638,
000000000000063a000000000000063a,AA063a,
000000000000063c000000000000063c,AA063c,
000000000000063e000000000000063e,AA063e,
00000000000006400000000000000640,AA0640,
00000000000006420000000000000642,AA0642,
00000000000006440000000000000644,AA0644,
00000000000006460000000000000646,AA0646,
00000000000006480000000000000648,AA0648,
000000000000064a000000000000064a,AA064a,
000000000000064c000000000000064c,AA064c,
000000000000064e000000000000064e,AA064e,
00000000000006500000000000000650,AA0650,
00000000000006520000000000000652,AA0652,
00000000000006540000000000000654,AA0654,
00000000000006560000000000000656,AA0656,
00000000000006580000000000000658,AA0658,
000000000000065a000000000000065a,AA065a,
000000000000065c000000000000065c,AA065c,
000000000000065e000000000000065e,AA065e,
00000000000006600000000000000660,AA0660,
00000000000006620000000000000662,AA0662,
00000000000006640000000000000664,AA0664,
00000000000006660000000000000666,AA0666,
00000000000006680000000000000668,AA0668,
000000000000066a000000000000066a,AA066a,
000000000000066c000000000000066c,AA066c,
000000000000066e000000000000066e,AA066e,
00000000000006700000000000000670,AA0670,
00000000000006720000000000000672,AA0672,
00000000000006740000000000000674,AA0674,
00000000000006760000000000000676,AA0676,
00000000000006780000000000000678,AA0678,
000000000000067a000000000000067a,AA067a,
000000000000067c000000000000067c,AA067c,
000000000000067e000000000000067e,AA067e,
00000000000006800000000000000680,AA0680,
00000000000006820000000000000682,AA0682,
00000000000006840000000000000684,AA0684,
00000000000006860000000000000686,AA0686,
00000000000006880000000000000688,AA0688,
000000000000068a000000000000068a,AA068a,
000000000000068c000000000000068c,AA068c,
000000000000068e000000000000068e,AA068e,
00000000000006900000000000000690,AA0690,
00000000000006920000000000000692,AA0692,
00000000000006940000000000000694,AA0694,
00000000000006960000000000000696,AA0696,
00000000000006980000000000000698,AA0698,
000000000000069a000000000000069a,AA069a,
000000000000069c000000000000069c,AA069c,
000000000000069e000000000000069e,AA069e,
00000000000006a000000000000006a0,AA06a0,
00000000000006a200000000000006a2,AA06a2,
00000000000006a400000000000006a4,AA06a4,
00000000000006a600000000000006a6,AA06a6,
00000000000006a800000000000006a8,AA06a8,
00000000000006aa00000000000006aa,AA06aa,
00000000000006ac00000000000006ac,AA06ac,
00000000000006ae00000000000006ae,AA06ae,
00000000000006b000000000000006b0,AA06b0,
00000000000006b200000000000006b2,AA06b2,
00000000000006b400000000000006b4,AA06b4,
00000000000006b600000000000006b6,AA06b6,
00000000000006b800000000000006b8,AA06b8,
00000000000006ba00000000000006ba,AA06ba,
00000000000006bc00000000000006bc,AA06bc,
00000000000006be00000000000006be,AA06be,
00000000000006c000000000000006c0,AA06c0,
00000000000006c200000000000006c2,AA06c2,
00000000000006c400000000000006c4,AA06c4,
00000000000006c600000000000006c6,AA06c6,
00000000000006c800000000000006c8,AA06c8,
00000000000006ca00000000000006ca,AA06ca,
00000000000006cc00000000000006cc,AA06cc,
00000000000006ce00000000000006ce,AA06ce,
00000000000006d000000000000006d0,AA06d0,
00000000000006d200000000000006d2,AA06d2,
00000000000006d400000000000006d4,AA06d4,
00000000000006d600000000000006d6,AA06d6,
00000000000006d800000000000006d8,AA06d8,
00000000000006da00000000000006da,AA06da,
00000000000006dc00000000000006dc,AA06dc,
00000000000006de00000000000006de,AA06de,
00000000000006e000000000000006e0,AA06e0,
00000000000006e200000000000006e2,AA06e2,
00000000000006e400000000000006e4,AA06e4,
00000000000006e600000000000006e6,AA06e6,
00000000000006e800000000000006e8,AA06e8,
00000000000006ea00000000000006ea,AA06ea,
00000000000006ec00000000000006ec,AA06ec,
00000000000006ee00000000000006ee,AA06ee,
00000000000006f000000000000006f0,AA06f0,
00000000000006f200000000000006f2,AA06f2,
00000000000006f400000000000006f4,AA06f4,
00000000000006f600000000000006f6,AA06f6,
00000000000006f800000000000006f8,AA06f8,
00000000000006fa00000000000006fa,AA06fa,
00000000000006fc00000000000006fc,AA06fc,
00000000000006fe00000000000006fe,AA06fe,
00000000000007000000000000000700,AA0700,
00000000000007020000000000000702,AA0702,
00000000000007040000000000000704,AA0704,
00000000000007060000000000000706,AA0706,
00000000000007080000000000000708,AA0708,
000000000000070a000000000000070a,AA070a,
000000000000070c000000000000070c,AA070c,
000000000000070e000000000000070e,AA070e,
00000000000007100000000000000710,AA0710,
00000000000007120000000000000712,AA0712,
00000000000007140000000000000714,AA0714,
00000000000007160000000000000716,AA0716,
00000000000007180000000000000718,AA0718,
000000000000071a000000000000071a,AA071a,
000000000000071c000000000000071c,AA071c,
000000000000071e000000000000071e,AA071e,
00000000000007200000000000000720,AA0720,
00000000000007220000000000000722,AA0722,
00000000000007240000000000000724,AA0724,
00000000000007260000000000000726,AA0726,
00000000000007280000000000000728,AA0728,
000000000000072a000000000000072a,AA072a,
000000000000072c000000000000072c,AA072c,
000000000000072e000000000000072e,AA072e,
00000000000007300000000000000730,AA0730,
00000000000007320000000000000732,AA0732,
00000000000007340000000000000734,AA0734,
00000000000007360000000000000736,AA0736,
00000000000007380000000000000738,AA0738,
000000000000073a000000000000073a,AA073a,
000000000000073c000000000000073c,AA073c,
000000000000073e000000000000073e,AA073e,
00000000000007400000000000000740,AA0740,
00000000000007420000000000000742,AA0742,
00000000000007440000000000000744,AA0744,
00000000000007460000000000000746,AA0746,
00000000000007480000000000000748,AA0748,
000000000000074a000000000000074a,AA074a,
000000000000074c000000000000074c,AA074c,
000000000000074e000000000000074e,AA074e,
00000000000007500000000000000750,AA0750,
00000000000007520000000000000752,AA0752,
00000000000007540000000000000754,AA0754,
00000000000007560000000000000756,AA0756,
00000000000007580000000000000758,AA0758,
000000000000075a000000000000075a,AA075a,
000000000000075c000000000000075c,AA075c,
000000000000075e000000000000075e,AA075e,
00000000000007600000000000000760,AA0760,
00000000000007620000000000000762,AA0762,
00000000000007640000000000000764,AA0764,
00000000000007660000000000000766,AA0766,
00000000000007680000000000000768,AA0768,
000000000000076a000000000000076a,AA076a,
000000000000076c000000000000076c,AA076c,
000000000000076e000000000000076e,AA076e,
00000000000007700000000000000770,AA0770,
00000000000007720000000000000772,AA0772,
00000000000007740000000000000774,AA0774,
00000000000007760000000000000776,AA0776,
00000000000007780000000000000778,AA0778,
000000000000077a000000000000077a,AA077a,
000000000000077c000000000000077c,AA077c,
000000000000077e000000000000077e,AA077e,
00000000000007800000000000000780,AA0780,
00000000000007820000000000000782,AA0782,
00000000000007840000000000000784,AA0784,
00000000000007860000000000000786,AA0786,
00000000000007880000000000000788,AA0788,
000000000000078a000000000000078a,AA078a,
000000000000078c000000000000078c,AA078c,
000000000000078e000000000000078e,AA078e,
00000000000007900000000000000790,AA0790,
00000000000007920000000000000792,AA0792,
00000000000007940000000000000794,AA0794,
00000000000007960000000000000796,AA0796,
00000000000007980000000000000798,AA0798,
000000000000079a000000000000079a,AA079a,
000000000000079c000000000000079c,AA079c,
000000000000079e000000000000079e,AA079e,
00000000000007a000000000000007a0,AA07a0,
00000000000007a200000000000007a2,AA07a2,
00000000000007a400000000000007a4,AA07a4,
00000000000007a600000000000007a6,AA07a6,
00000000000007a800000000000007a8,AA07a8,
00000000000007aa00000000000007aa,AA07aa,
00000000000007ac00000000000007ac,AA07ac,
00000000000007ae00000000000007ae,AA07ae,
00000000000007b000000000000007b0,AA07b0,
00000000000007b200000000000007b2,AA07b2,
00000000000007b400000000000007b4,AA07b4,
00000000000007b600000000000007b6,AA07b6,
00000000000007b800000000000007b8,AA07b8,
00000000000007ba00000000000007ba,AA07ba,
00000000000007bc00000000000007bc,AA07bc,
00000000000007be00000000000007be,AA07be,
00000000000007c000000000000007c0,AA07c0,
00000000000007c200000000000007c2,AA07c2,
00000000000007c400000000000007c4,AA07c4,
00000000000007c600000000000007c6,AA07c6,
00000000000007c800000000000007c8,AA07c8,
00000000000007ca00000000000007ca,AA07ca,
00000000000007cc00000000000007cc,AA07cc,
00000000000007ce00000000000007ce,AA07ce,
00000000000007d000000000000007d0,AA07d0,
00000000000007d200000000000007d2,AA07d2,
00000000000007d400000000000007d4,AA07d4,
00000000000007d600000000000007d6,AA07d6,
00000000000007d800000000000007d8,AA07d8,
00000000000007da00000000000007da,AA07da,
00000000000007dc00000000000007dc,AA07dc,
00000000000007de00000000000007de,AA07de,
00000000000007e000000000000007e0,AA07e0,
00000000000007e200000000000007e2,AA07e2,
00000000000007e400000000000007e4,AA07e4,
00000000000007e600000000000007e6,AA07e6,
00000000000007e800000000000007e8,AA07e8,
00000000000007ea00000000000007ea,AA07ea,
00000000000007ec00000000000007ec,AA07ec,
00000000000007ee00000000000007ee,AA07ee,
00000000000007f000000000000007f0,AA07f0,
00000000000007f200000000000007f2,AA07f2,
00000000000007f400000000000007f4,AA07f4,
00000000000007f600000000000007f6,AA07f6,
00000000000007f800000000000007f8,AA07f8,
00000000000007fa00000000000007fa,AA07fa,
00000000000007fc00000000000007fc,AA07fc,
00000000000007fe00000000000007fe,AA07fe,
