FIMbdVN0P2hWkmQp,697626930337
bg4t3fVY1Tw3ASlv,61650378238787
6jJykxRGyuCz5ciy,43313803051
yKE23VylSP1OKELN,75738363176449
OGvQHQP2rm4D6GZR,006609232196
WkYkdx24K2t646BK,658936928362438
Hpiumkw4lpBpuK8X,1774398426
Ac38ttqmdZiiKYr7,391129182286
mFGMIOE9D0nmiT4E,78590811103382
7d8UuVg3igoSOFUd,33825746862
QEoXquzkPfl7LaXi,1555039603411
W7YIcODc6cFribPF,57624853669
73Ad8gwi29K8jYyR,1588460848316
ug93HFjDxkKGs4oo,38018471239
imZaQgdivLts5E8v,20350480851310
9NJhozLUueNlhZta,425121039764877
68Js8cM0GjlvJdV6,6120223400809
4klLctxwsBgd6xGZ,335847293412520
rGJS7GMzR0bVxp4z,8034973325777
R6LiWTwtSLt1qrrs,646105848217
dQqkmYGFS9fn1hdq,044627777180
opZEgHyCYDffrQgW,2286840718
mSsgEfERJVPW1b9f,590324102619
LTloJS2wgTG9rkBS,4003045476859
XnGGbXgbRK3fUuPd,8329625482
GE63jtHxSoe1Dy2t,2034966050
hR6LhIRkzKzxknbm,58301435524594
Owphb59J5RI2C3dw,42765123647
H9Rd3EKeKRxPrFP3,23185853176935
0EadHpwt7NqUE3tF,9667474781386
ec6CEN1AG6X4ak5R,668364201024004
hRIvoI33Oa7xIDOI,54818231555
hW1MxHHjXImursr9,796437731146814
QgmNy27TKtNBjELm,0926809136
KzJkO0WlwYqPtin2,730561021232510
ETccT9MPfCoWubZK,028838040687798
mF8FMUc2hRYZ05tZ,38066329938826
xDTAYvnaaC68AC1k,18896147276312
k8tsgpdENpJV0VVi,22710978364
4LimUaf8NILk6eG4,128367668642208
elJ6LyCiEXSKBgOI,8244013879210
nJB6PW2aCG7cbJHx,6021624923954
R4ea814AbGQjqz07,58991515768
gbe5fGflIjvrxLan,47227118853
vxFbYreB8HwO0pFv,0334256988
T9JO4EbekQItWapu,20202766115203
VtirvuSZeqsXNQKH,07409368403628
rJSgEK8owxeRK4jZ,33134622345163
PXP5lhCXd994TBn2,2378052286
OIwLfTjkCQwi45r8,5431860665
svsYH8ScntJV6kSm,330686115711
od2hTayb1YMusrya,6690870782475
H7iJoBsmmtJ8lB0k,1832819107347
Oga7zPIp93iSBSb9,6929113123
OFIrbySivpzly2RP,54593424757
Qt9n6RehN4OGrNzq,916651607057725
mZuqyXXJbtaRGXFd,20573383550477
8FMyBtTVSN3tda8F,498423470994876
XBKh4nCWADQmnWzK,6090538747126
t4FDlH1vo98Cvtis,1482547511
8XUBQWOcFgdASkGe,180925042427
LprqH2HnRr27SAZC,74655772724363
7RYxjZCU03X5Vfcg,9226996170
taCYfb5bIennepIj,158761940104
eg5EqesQjTiNETz3,405984516947207
8HlxvdNc45zJXwMG,6377840646
ROo0U6jRzLoaPsXi,031815685011676
eiq9mZYjuLJKDr0Y,1753433964224
sJCiQyIyfAJzUUoV,50423889843287
DzxtNt9MZKdWm6KF,14259138194501
sHdkfWt15DcbyivD,857458951999137
4odjKXiQiJzeztqm,72542526615
d0AfmmN7J5VzOScO,08592245761
D5Eq6MUq8rxPwQNJ,1561532866354
OPuaDywho5YkUTAp,5254507885
OFzDdO7Db58JrDpb,4674311972952
ohenuF91Rj4Z2wkp,743689800749486
b6dWKlVjUYIUS0Jx,3904886072010
AMdlqxUKgyswSIuk,53259255327
FNINiv6YqbsUZiQ2,4649965112
AGHuVeCsK5ytvXjP,41145784871
DcEMqVEL7OBST7JO,45886153839
OelaExw4S8NZWYzx,0795295800
DauOyW7Yl4SnUaB2,997504476526
bn9BfW8Bbgue9i8h,662650806582977
8W3l2BvcppGwVOeM,055575730851554
XaTajMCYAQVfo90L,5442125303570
j4sAcbXm9fCcKzjI,6171385127
k3k2kmusNVN7e2KF,30737128635
dX0LYiNGUH8pkUxN,361669130436
VeW0crYKDmnSscDM,672280892498987
2ktcZPxmBkF3MQOu,9467767908
jqacqKVSusPe37t4,9243109976
WOmq7aRhQjArb2EG,250472826825605
aE1gpQLDAW4lYJzc,5494876470150
EU1E8oeT1mz4WYNV,4683262939
hSXSh1Rt9FVaEIaI,65701684866998
zq1RX0sO75thJ9Fc,71773377366
FtAEj9dE9VcGaUvt,77361064333
Yz3nrBzYKcnT7Nhf,153046658293851
hifYse7CFseKFL05,744321905053
9Mbsz9icEur6YBKs,1485927039734
T3U4tUDb6QTvW26o,05280109330194
WIna9HliLBBGiBKW,608721747348216
MYQVnBD8NOM3YeXb,3106570206247
UE1ujm5uuQJETpt1,886863785057
Ke7Ze1IQ4DJVUXwH,158236866918
weQYlzCkGbpRuItP,82450899657795
DlRmXPwFdX22PKtp,51723512371
dAyqtOaOlXeM2gOS,13084907422
D3doBad4wDRfi51j,95600804703
32VF373CfgFZsgEY,3162854856238
qWDLlGQnR3RgcJMo,3519906582
7NNIDtVWdjvQAyrq,38531143249
0zD5MYNZSs33cyTk,836133476909519
85MSdiz3a36A1Xvw,42596062181820
RdNtE5rGduKotsho,5674493721
aBbbcCwTR1KfcCzO,1503283752
wE3zoCbNonHFCIYr,691229461518030
Iyy4AXQwKhCVykMr,1816754925
1ak0qjwtrTJolyyG,093622789520
lRIMCGAtC1kdKYMH,35029961872513
jXd3jtDc3FKgXt2m,520919847585610
lkJSdU2ghNKFEN1Z,752040445593
UNXDezq80VqNp3ZC,272812419084
rhEEERqCGzClnXaq,786606751061
4uHl6TyYKAmHKX4p,410478745277807
KpTQJRwdZiutDwiJ,9908872391
1tqiBdBcwaWX9DR0,94335366138652
1AAiMntwiUSFbdfc,405080643940
2oBDwtXilTQDtdoX,45372553196058
3wOEqFlY0CwD5a0c,2199444775
JuzWvts7j5qG62CH,85458569934
Y8fq0eKvVC0DFqTJ,3724269215
0hwoF3T536PzZZxm,01445169420
qcloJicYj4cm8zjf,1401547264328
nMUZBnFlKwnuittS,453460953798104
5k3GWG0oCniuhbKE,7365371842
fhM9n5C1ZS1Nen5W,294467122851
57EmSNXVXZ4zaPbL,7346793607
z6aa9hmu97Rceygb,504778247394565
PgzZLjRTqq5Spm3K,9678612441099
p25mZPVysJpxjchm,3900791037
dFe32g6oEVHCNYzJ,9273586757072
5PZjSbOWNa2emNCk,1998546323
qOlAU8hBYIZ4d94H,836447344027
8jvWS30YkA60j9dr,0733509255959
AFt4mL7kssuysc7U,920485499058547
HH51bCjT2cPtEVNd,35632331382049
Tw4UXEEyFqL82qTf,647060595315
ZmVVoz01BwGzIM18,61908180605
vPUTAxyyvxz6tD6B,9686788717707
Gbci4mg3jb0gfrsl,19905803712
CNBQzo83Ym4FL2u1,66175270276918
3weRvQXzyK3Cf46e,83370751949077
NMdoF1LC0dGAHIGv,207914645335
GmGaQ4qRN2PzGXGY,70989113770
qkN5WbfufTK1Uh0i,27419699724
kLDb3YeYAHQnlioF,4578430611
3CWnxpyWrXAPhRnS,439477381689
WNigrUbfQ7WxFtcf,9122161819
zgXfAtLoinQNEVt9,0449553762863
cuv7Z3ysshgG4ujy,08749223907
yLkYFgfmhceZJInN,7589656588
u7EN5X6dmkHWRt9z,70949741397897
rLxEOVK2H4JmWAvV,6190366416
hQbQHuNVJsqJ8sau,01907190486894
xTgLkaiErZ2AhukZ,846817033003164
RuD9VwNKVPVAIDhX,110412842086
EGv9U4cOQwtpP15b,0172315619
QxfuCupJMstkInb5,8584711144606
4jzjd9bRSxJJhZ7I,26722533878504
FVBw6LYVlTm5BLCR,80902658528042
1H5xMOTrAxeF6xPV,9519874848663
EF6HBSgcKqXw3drS,758848708404054
6aYH2ErK2PE306T5,083682678819483
gUEgg5zgSDjTJCY8,81476264295678
k9iPnmOTEbAhtKEz,2941589119
9pedYmMxZ6J1Ku90,245266901994281
etHAfb7ChQB1IL14,911890820962006
b7OEiTQPrcO8vQAk,1170472478878
biTxwBRKYGuxOpLY,419213939849744
vsKp1lAaz2XOssuP,08433692432498
RFoHHXPrVRMtJClh,3137518973
5ZwazCMGRsdGN2cE,01585634362545
Yfl6evTsMJTcgWCu,8799272631
wcHlAwXHZQiRn1vN,583960073701034
UuhdqCsPdapOZklC,3922949411844
OcE3F5G5SrfHFCz0,445885271699
MRTwgXAjlF9ctRp3,76711596098609
aHtUvOcc9qmjhDYk,5669848649621
6wVxQOL11Srn9Yyf,9016910096
R6IfAEA5cWObXqSI,82632868898
y66PAM4IYCN8jlkE,83877629507
Zd5Xh9wsT181BWAu,893623312717904
4o7mv1cP0kOCEW4S,593928168257
iVYWaKScupaeDmrk,364294607389853
QD80VaaPPB2avtIk,554410485494
qw2140Vcbuzmwafn,63917440025511
BPlASmf4NY27ScmG,216310732109
Y6WyrfOdKQyqS3J2,17045677329731
xFtt4YHiriehAiyD,34609276827750
Ow0I0WXgNDL3O11Z,913128806075703
lgpmCNQYYjbuiaTD,474653635685618
IBuUWJ242bzlCQyH,181638906754164
wUQSnTWq4TZGuVWz,841343322165929
jrnXKILMlubfP7e2,34477901287
vnGfc4AuMVG5Prlm,97341920141528
7lxkNzsHJNWOkL9U,17358598632162
CLPujOmyh7S6roDM,691486384708
5XcQuX7JH4yPW4GI,4824284822
7HpXMK7kEcqXusWJ,479047589340
TUJkJq4bvpqYdLSV,13284422123
bO94tSpAGtmCgakH,88794198742
BCYmZfoQ6daKVKU9,6704775305
qtzQ2Byoicd8iEh2,1972762451191
mzmlPpxMbdyCmeRT,2439837073
HKk87jtq6gnSHROS,8143306599298
dfzNl44euBKgba5y,60303600311632
LIpj3tngny0RYYWW,26740672985717
tdOcfFNJ1KHSsqzO,7864821211
GHvpAYCkBR7UQPmt,48327283224
xIKBXF0flANvaSN0,931535819841
r1a7LlcYkFHscCS4,3436892593
2Jdf8cEDvxpTf4jY,505959347462
ZDQqq6zTKCOH0qv2,91816877317
bTvAgM0UQxxi8Kx6,42135973941470
jiRtOlss9nopt8nz,9855362788
wKbS4HrvfbnViZJY,5769846373
ZIztEHSeLjWHO52u,31167028965
SJi2cfvowOTG5xXS,9035173075
PMXKpo0rOfkDZ6ep,1287402919
8WJjvfEDU0DJPq4a,869471465486800
qXDjAPwfQ7ynv0LI,3952308066748
FW1RDAq9pEElz9kK,77729047316254
BQQadaRlPdz8d7sx,316829204366107
bI8EsXxFAxMl2CjX,896008242803
7OANWME1KR9FlvHy,666728801441
73YVDuza8ysX77J2,7283855935
IkehphEKt8HREDJl,44361544691559
ztHgiws0n0FECSVy,34518352976625
LD4ztysrmq603WUz,9781538045
6I9tbMvaDtQ4fFAe,623912948238
QuQi2JJMCra5GejV,35570482550
xasNUG3UXKrjAPpQ,272540446282919
J7JmOKGtf5dpUQDW,8412458196
37H0QNHAjcRcHUD4,153739874575558
udKI0aThCsHRMVTH,80630624299749
1VdHTDk8NaQovtHC,9194186707694
N0x0HRC0XZYxMTob,01997274993787
KgpKwEUul4ShQwTz,54972148263141
BbwVV8yPr2rWQl0P,164807509130769
wKlRSjqIjgm7PmUj,856853066496
KwqffG5O4L5k8AAs,929610162836799
Zx6FD9bIVf2bpARU,800123741230328
r4T4D4MghNFXVhzV,17850502054
