00000000000000000000000000000000,BB0000,
00000000000000010000000000000001,BB0001,
00000000000000020000000000000002,BB0002,
00000000000000030000000000000003,BB0003,
00000000000000040000000000000004,BB0004,
00000000000000050000000000000005,BB0005,
00000000000000060000000000000006,BB0006,
00000000000000070000000000000007,BB0007,
00000000000000080000000000000008,BB0008,
00000000000000090000000000000009,BB0009,
000000000000000a000000000000000a,BB000a,
000000000000000b000000000000000b,BB000b,
000000000000000c000000000000000c,BB000c,
000000000000000d000000000000000d,BB000d,
000000000000000e000000000000000e,BB000e,
000000000000000f000000000000000f,BB000f,
00000000000000100000000000000010,BB0010,
00000000000000110000000000000011,BB0011,
00000000000000120000000000000012,BB0012,
00000000000000130000000000000013,BB0013,
00000000000000140000000000000014,BB0014,
00000000000000150000000000000015,BB0015,
00000000000000160000000000000016,BB0016,
00000000000000170000000000000017,BB0017,
00000000000000180000000000000018,BB0018,
00000000000000190000000000000019,BB0019,
000000000000001a000000000000001a,BB001a,
000000000000001b000000000000001b,BB001b,
000000000000001c000000000000001c,BB001c,
000000000000001d000000000000001d,BB001d,
000000000000001e000000000000001e,BB001e,
000000000000001f000000000000001f,BB001f,
00000000000000200000000000000020,BB0020,
00000000000000210000000000000021,BB0021,
00000000000000220000000000000022,BB0022,
00000000000000230000000000000023,BB0023,
00000000000000240000000000000024,BB0024,
00000000000000250000000000000025,BB0025,
00000000000000260000000000000026,BB0026,
00000000000000270000000000000027,BB0027,
00000000000000280000000000000028,BB0028,
00000000000000290000000000000029,BB0029,
000000000000002a000000000000002a,BB002a,
000000000000002b000000000000002b,BB002b,
000000000000002c000000000000002c,BB002c,
000000000000002d000000000000002d,BB002d,
000000000000002e000000000000002e,BB002e,
000000000000002f000000000000002f,BB002f,
00000000000000300000000000000030,BB0030,
00000000000000310000000000000031,BB0031,
00000000000000320000000000000032,BB0032,
00000000000000330000000000000033,BB0033,
00000000000000340000000000000034,BB0034,
00000000000000350000000000000035,BB0035,
00000000000000360000000000000036,BB0036,
00000000000000370000000000000037,BB0037,
00000000000000380000000000000038,BB0038,
00000000000000390000000000000039,BB0039,
000000000000003a000000000000003a,BB003a,
000000000000003b000000000000003b,BB003b,
000000000000003c000000000000003c,BB003c,
000000000000003d000000000000003d,BB003d,
000000000000003e000000000000003e,BB003e,
000000000000003f000000000000003f,BB003f,
00000000000000400000000000000040,BB0040,
00000000000000410000000000000041,BB0041,
00000000000000420000000000000042,BB0042,
00000000000000430000000000000043,BB0043,
00000000000000440000000000000044,BB0044,
00000000000000450000000000000045,BB0045,
00000000000000460000000000000046,BB0046,
00000000000000470000000000000047,BB0047,
00000000000000480000000000000048,BB0048,
00000000000000490000000000000049,BB0049,
000000000000004a000000000000004a,BB004a,
000000000000004b000000000000004b,BB004b,
000000000000004c000000000000004c,BB004c,
000000000000004d000000000000004d,BB004d,
000000000000004e000000000000004e,BB004e,
000000000000004f000000000000004f,BB004f,
00000000000000500000000000000050,BB0050,
00000000000000510000000000000051,BB0051,
00000000000000520000000000000052,BB0052,
00000000000000530000000000000053,BB0053,
00000000000000540000000000000054,BB0054,
00000000000000550000000000000055,BB0055,
00000000000000560000000000000056,BB0056,
00000000000000570000000000000057,BB0057,
00000000000000580000000000000058,BB0058,
00000000000000590000000000000059,BB0059,
000000000000005a000000000000005a,BB005a,
000000000000005b000000000000005b,BB005b,
000000000000005c000000000000005c,BB005c,
000000000000005d000000000000005d,BB005d,
000000000000005e000000000000005e,BB005e,
000000000000005f000000000000005f,BB005f,
00000000000000600000000000000060,BB0060,
00000000000000610000000000000061,BB0061,
00000000000000620000000000000062,BB0062,
00000000000000630000000000000063,BB0063,
00000000000000640000000000000064,BB0064,
00000000000000650000000000000065,BB0065,
00000000000000660000000000000066,BB0066,
00000000000000670000000000000067,BB0067,
00000000000000680000000000000068,BB0068,
00000000000000690000000000000069,BB0069,
000000000000006a000000000000006a,BB006a,
000000000000006b000000000000006b,BB006b,
000000000000006c000000000000006c,BB006c,
000000000000006d000000000000006d,BB006d,
000000000000006e000000000000006e,BB006e,
000000000000006f000000000000006f,BB006f,
00000000000000700000000000000070,BB0070,
00000000000000710000000000000071,BB0071,
00000000000000720000000000000072,BB0072,
00000000000000730000000000000073,BB0073,
00000000000000740000000000000074,BB0074,
00000000000000750000000000000075,BB0075,
00000000000000760000000000000076,BB0076,
00000000000000770000000000000077,BB0077,
00000000000000780000000000000078,BB0078,
00000000000000790000000000000079,BB0079,
000000000000007a000000000000007a,BB007a,
000000000000007b000000000000007b,BB007b,
000000000000007c000000000000007c,BB007c,
000000000000007d000000000000007d,BB007d,
000000000000007e000000000000007e,BB007e,
000000000000007f000000000000007f,BB007f,
00000000000000800000000000000080,BB0080,
00000000000000810000000000000081,BB0081,
00000000000000820000000000000082,BB0082,
00000000000000830000000000000083,BB0083,
00000000000000840000000000000084,BB0084,
00000000000000850000000000000085,BB0085,
00000000000000860000000000000086,BB0086,
00000000000000870000000000000087,BB0087,
00000000000000880000000000000088,BB0088,
00000000000000890000000000000089,BB0089,
000000000000008a000000000000008a,BB008a,
000000000000008b000000000000008b,BB008b,
000000000000008c000000000000008c,BB008c,
000000000000008d000000000000008d,BB008d,
000000000000008e000000000000008e,BB008e,
000000000000008f000000000000008f,BB008f,
00000000000000900000000000000090,BB0090,
00000000000000910000000000000091,BB0091,
00000000000000920000000000000092,BB0092,
00000000000000930000000000000093,BB0093,
00000000000000940000000000000094,BB0094,
00000000000000950000000000000095,BB0095,
00000000000000960000000000000096,BB0096,
00000000000000970000000000000097,BB0097,
00000000000000980000000000000098,BB0098,
00000000000000990000000000000099,BB0099,
000000000000009a000000000000009a,BB009a,
000000000000009b000000000000009b,BB009b,
000000000000009c000000000000009c,BB009c,
000000000000009d000000000000009d,BB009d,
000000000000009e000000000000009e,BB009e,
000000000000009f000000000000009f,BB009f,
00000000000000a000000000000000a0,BB00a0,
00000000000000a100000000000000a1,BB00a1,
00000000000000a200000000000000a2,BB00a2,
00000000000000a300000000000000a3,BB00a3,
00000000000000a400000000000000a4,BB00a4,
00000000000000a500000000000000a5,BB00a5,
00000000000000a600000000000000a6,BB00a6,
00000000000000a700000000000000a7,BB00a7,
00000000000000a800000000000000a8,BB00a8,
00000000000000a900000000000000a9,BB00a9,
00000000000000aa00000000000000aa,BB00aa,
00000000000000ab00000000000000ab,BB00ab,
00000000000000ac00000000000000ac,BB00ac,
00000000000000ad00000000000000ad,BB00ad,
00000000000000ae00000000000000ae,BB00ae,
00000000000000af00000000000000af,BB00af,
00000000000000b000000000000000b0,BB00b0,
00000000000000b100000000000000b1,BB00b1,
00000000000000b200000000000000b2,BB00b2,
00000000000000b300000000000000b3,BB00b3,
00000000000000b400000000000000b4,BB00b4,
00000000000000b500000000000000b5,BB00b5,
00000000000000b600000000000000b6,BB00b6,
00000000000000b700000000000000b7,BB00b7,
00000000000000b800000000000000b8,BB00b8,
00000000000000b900000000000000b9,BB00b9,
00000000000000ba00000000000000ba,BB00ba,
00000000000000bb00000000000000bb,BB00bb,
00000000000000bc00000000000000bc,BB00bc,
00000000000000bd00000000000000bd,BB00bd,
00000000000000be00000000000000be,BB00be,
00000000000000bf00000000000000bf,BB00bf,
00000000000000c000000000000000c0,BB00c0,
00000000000000c100000000000000c1,BB00c1,
00000000000000c200000000000000c2,BB00c2,
00000000000000c300000000000000c3,BB00c3,
00000000000000c400000000000000c4,BB00c4,
00000000000000c500000000000000c5,BB00c5,
00000000000000c600000000000000c6,BB00c6,
00000000000000c700000000000000c7,BB00c7,
00000000000000c800000000000000c8,BB00c8,
00000000000000c900000000000000c9,BB00c9,
00000000000000ca00000000000000ca,BB00ca,
00000000000000cb00000000000000cb,BB00cb,
00000000000000cc00000000000000cc,BB00cc,
00000000000000cd00000000000000cd,BB00cd,
00000000000000ce00000000000000ce,BB00ce,
00000000000000cf00000000000000cf,BB00cf,
00000000000000d000000000000000d0,BB00d0,
00000000000000d100000000000000d1,BB00d1,
00000000000000d200000000000000d2,BB00d2,
00000000000000d300000000000000d3,BB00d3,
00000000000000d400000000000000d4,BB00d4,
00000000000000d500000000000000d5,BB00d5,
00000000000000d600000000000000d6,BB00d6,
00000000000000d700000000000000d7,BB00d7,
00000000000000d800000000000000d8,BB00d8,
00000000000000d900000000000000d9,BB00d9,
00000000000000da00000000000000da,BB00da,
00000000000000db00000000000000db,BB00db,
00000000000000dc00000000000000dc,BB00dc,
00000000000000dd00000000000000dd,BB00dd,
00000000000000de00000000000000de,BB00de,
00000000000000df00000000000000df,BB00df,
00000000000000e000000000000000e0,BB00e0,
00000000000000e100000000000000e1,BB00e1,
00000000000000e200000000000000e2,BB00e2,
00000000000000e300000000000000e3,BB00e3,
00000000000000e400000000000000e4,BB00e4,
00000000000000e500000000000000e5,BB00e5,
00000000000000e600000000000000e6,BB00e6,
00000000000000e700000000000000e7,BB00e7,
00000000000000e800000000000000e8,BB00e8,
00000000000000e900000000000000e9,BB00e9,
00000000000000ea00000000000000ea,BB00ea,
00000000000000eb00000000000000eb,BB00eb,
00000000000000ec00000000000000ec,BB00ec,
00000000000000ed00000000000000ed,BB00ed,
00000000000000ee00000000000000ee,BB00ee,
00000000000000ef00000000000000ef,BB00ef,
00000000000000f000000000000000f0,BB00f0,
00000000000000f100000000000000f1,BB00f1,
00000000000000f200000000000000f2,BB00f2,
00000000000000f300000000000000f3,BB00f3,
00000000000000f400000000000000f4,BB00f4,
00000000000000f500000000000000f5,BB00f5,
00000000000000f600000000000000f6,BB00f6,
00000000000000f700000000000000f7,BB00f7,
00000000000000f800000000000000f8,BB00f8,
00000000000000f900000000000000f9,BB00f9,
00000000000000fa00000000000000fa,BB00fa,
00000000000000fb00000000000000fb,BB00fb,
00000000000000fc00000000000000fc,BB00fc,
00000000000000fd00000000000000fd,BB00fd,
00000000000000fe00000000000000fe,BB00fe,
00000000000000ff00000000000000ff,BB00ff,
00000000000001000000000000000100,BB0100,
00000000000001010000000000000101,BB0101,
00000000000001020000000000000102,BB0102,
00000000000001030000000000000103,BB0103,
00000000000001040000000000000104,BB0104,
00000000000001050000000000000105,BB0105,
00000000000001060000000000000106,BB0106,
00000000000001070000000000000107,BB0107,
00000000000001080000000000000108,BB0108,
00000000000001090000000000000109,BB0109,
000000000000010a000000000000010a,BB010a,
000000000000010b000000000000010b,BB010b,
000000000000010c000000000000010c,BB010c,
000000000000010d000000000000010d,BB010d,
000000000000010e000000000000010e,BB010e,
000000000000010f000000000000010f,BB010f,
00000000000001100000000000000110,BB0110,
00000000000001110000000000000111,BB0111,
00000000000001120000000000000112,BB0112,
00000000000001130000000000000113,BB0113,
00000000000001140000000000000114,BB0114,
00000000000001150000000000000115,BB0115,
00000000000001160000000000000116,BB0116,
00000000000001170000000000000117,BB0117,
00000000000001180000000000000118,BB0118,
00000000000001190000000000000119,BB0119,
000000000000011a000000000000011a,BB011a,
000000000000011b000000000000011b,BB011b,
000000000000011c000000000000011c,BB011c,
000000000000011d000000000000011d,BB011d,
000000000000011e000000000000011e,BB011e,
000000000000011f000000000000011f,BB011f,
00000000000001200000000000000120,BB0120,
00000000000001210000000000000121,BB0121,
00000000000001220000000000000122,BB0122,
00000000000001230000000000000123,BB0123,
00000000000001240000000000000124,BB0124,
00000000000001250000000000000125,BB0125,
00000000000001260000000000000126,BB0126,
00000000000001270000000000000127,BB0127,
00000000000001280000000000000128,BB0128,
00000000000001290000000000000129,BB0129,
000000000000012a000000000000012a,BB012a,
000000000000012b000000000000012b,BB012b,
000000000000012c000000000000012c,BB012c,
000000000000012d000000000000012d,BB012d,
000000000000012e000000000000012e,BB012e,
000000000000012f000000000000012f,BB012f,
00000000000001300000000000000130,BB0130,
00000000000001310000000000000131,BB0131,
00000000000001320000000000000132,BB0132,
00000000000001330000000000000133,BB0133,
00000000000001340000000000000134,BB0134,
00000000000001350000000000000135,BB0135,
00000000000001360000000000000136,BB0136,
00000000000001370000000000000137,BB0137,
00000000000001380000000000000138,BB0138,
00000000000001390000000000000139,BB0139,
000000000000013a000000000000013a,BB013a,
000000000000013b000000000000013b,BB013b,
000000000000013c000000000000013c,BB013c,
000000000000013d000000000000013d,BB013d,
000000000000013e000000000000013e,BB013e,
000000000000013f000000000000013f,BB013f,
00000000000001400000000000000140,BB0140,
00000000000001410000000000000141,BB0141,
00000000000001420000000000000142,BB0142,
00000000000001430000000000000143,BB0143,
00000000000001440000000000000144,BB0144,
00000000000001450000000000000145,BB0145,
00000000000001460000000000000146,BB0146,
00000000000001470000000000000147,BB0147,
00000000000001480000000000000148,BB0148,
00000000000001490000000000000149,BB0149,
000000000000014a000000000000014a,BB014a,
000000000000014b000000000000014b,BB014b,
000000000000014c000000000000014c,BB014c,
000000000000014d000000000000014d,BB014d,
000000000000014e000000000000014e,BB014e,
000000000000014f000000000000014f,BB014f,
00000000000001500000000000000150,BB0150,
00000000000001510000000000000151,BB0151,
00000000000001520000000000000152,BB0152,
00000000000001530000000000000153,BB0153,
00000000000001540000000000000154,BB0154,
00000000000001550000000000000155,BB0155,
00000000000001560000000000000156,BB0156,
00000000000001570000000000000157,BB0157,
00000000000001580000000000000158,BB0158,
00000000000001590000000000000159,BB0159,
000000000000015a000000000000015a,BB015a,
000000000000015b000000000000015b,BB015b,
000000000000015c000000000000015c,BB015c,
000000000000015d000000000000015d,BB015d,
000000000000015e000000000000015e,BB015e,
000000000000015f000000000000015f,BB015f,
00000000000001600000000000000160,BB0160,
00000000000001610000000000000161,BB0161,
00000000000001620000000000000162,BB0162,
00000000000001630000000000000163,BB0163,
00000000000001640000000000000164,BB0164,
00000000000001650000000000000165,BB0165,
00000000000001660000000000000166,BB0166,
00000000000001670000000000000167,BB0167,
00000000000001680000000000000168,BB0168,
00000000000001690000000000000169,BB0169,
000000000000016a000000000000016a,BB016a,
000000000000016b000000000000016b,BB016b,
000000000000016c000000000000016c,BB016c,
000000000000016d000000000000016d,BB016d,
000000000000016e000000000000016e,BB016e,
000000000000016f000000000000016f,BB016f,
00000000000001700000000000000170,BB0170,
00000000000001710000000000000171,BB0171,
00000000000001720000000000000172,BB0172,
00000000000001730000000000000173,BB0173,
00000000000001740000000000000174,BB0174,
00000000000001750000000000000175,BB0175,
00000000000001760000000000000176,BB0176,
00000000000001770000000000000177,BB0177,
00000000000001780000000000000178,BB0178,
00000000000001790000000000000179,BB0179,
000000000000017a000000000000017a,BB017a,
000000000000017b000000000000017b,BB017b,
000000000000017c000000000000017c,BB017c,
000000000000017d000000000000017d,BB017d,
000000000000017e000000000000017e,BB017e,
000000000000017f000000000000017f,BB017f,
00000000000001800000000000000180,BB0180,
00000000000001810000000000000181,BB0181,
00000000000001820000000000000182,BB0182,
00000000000001830000000000000183,BB0183,
00000000000001840000000000000184,BB0184,
00000000000001850000000000000185,BB0185,
00000000000001860000000000000186,BB0186,
00000000000001870000000000000187,BB0187,
00000000000001880000000000000188,BB0188,
00000000000001890000000000000189,BB0189,
000000000000018a000000000000018a,BB018a,
000000000000018b000000000000018b,BB018b,
000000000000018c000000000000018c,BB018c,
000000000000018d000000000000018d,BB018d,
000000000000018e000000000000018e,BB018e,
000000000000018f000000000000018f,BB018f,
00000000000001900000000000000190,BB0190,
00000000000001910000000000000191,BB0191,
00000000000001920000000000000192,BB0192,
00000000000001930000000000000193,BB0193,
00000000000001940000000000000194,BB0194,
00000000000001950000000000000195,BB0195,
00000000000001960000000000000196,BB0196,
00000000000001970000000000000197,BB0197,
00000000000001980000000000000198,BB0198,
00000000000001990000000000000199,BB0199,
000000000000019a000000000000019a,BB019a,
000000000000019b000000000000019b,BB019b,
000000000000019c000000000000019c,BB019c,
000000000000019d000000000000019d,BB019d,
000000000000019e000000000000019e,BB019e,
000000000000019f000000000000019f,BB019f,
00000000000001a000000000000001a0,BB01a0,
00000000000001a100000000000001a1,BB01a1,
00000000000001a200000000000001a2,BB01a2,
00000000000001a300000000000001a3,BB01a3,
00000000000001a400000000000001a4,BB01a4,
00000000000001a500000000000001a5,BB01a5,
00000000000001a600000000000001a6,BB01a6,
00000000000001a700000000000001a7,BB01a7,
00000000000001a800000000000001a8,BB01a8,
00000000000001a900000000000001a9,BB01a9,
00000000000001aa00000000000001aa,BB01aa,
00000000000001ab00000000000001ab,BB01ab,
00000000000001ac00000000000001ac,BB01ac,
00000000000001ad00000000000001ad,BB01ad,
00000000000001ae00000000000001ae,BB01ae,
00000000000001af00000000000001af,BB01af,
00000000000001b000000000000001b0,BB01b0,
00000000000001b100000000000001b1,BB01b1,
00000000000001b200000000000001b2,BB01b2,
00000000000001b300000000000001b3,BB01b3,
00000000000001b400000000000001b4,BB01b4,
00000000000001b500000000000001b5,BB01b5,
00000000000001b600000000000001b6,BB01b6,
00000000000001b700000000000001b7,BB01b7,
00000000000001b800000000000001b8,BB01b8,
00000000000001b900000000000001b9,BB01b9,
00000000000001ba00000000000001ba,BB01ba,
00000000000001bb00000000000001bb,BB01bb,
00000000000001bc00000000000001bc,BB01bc,
00000000000001bd00000000000001bd,BB01bd,
00000000000001be00000000000001be,BB01be,
00000000000001bf00000000000001bf,BB01bf,
00000000000001c000000000000001c0,BB01c0,
00000000000001c100000000000001c1,BB01c1,
00000000000001c200000000000001c2,BB01c2,
00000000000001c300000000000001c3,BB01c3,
00000000000001c400000000000001c4,BB01c4,
00000000000001c500000000000001c5,BB01c5,
00000000000001c600000000000001c6,BB01c6,
00000000000001c700000000000001c7,BB01c7,
00000000000001c800000000000001c8,BB01c8,
00000000000001c900000000000001c9,BB01c9,
00000000000001ca00000000000001ca,BB01ca,
00000000000001cb00000000000001cb,BB01cb,
00000000000001cc00000000000001cc,BB01cc,
00000000000001cd00000000000001cd,BB01cd,
00000000000001ce00000000000001ce,BB01ce,
00000000000001cf00000000000001cf,BB01cf,
00000000000001d000000000000001d0,BB01d0,
00000000000001d100000000000001d1,BB01d1,
00000000000001d200000000000001d2,BB01d2,
00000000000001d300000000000001d3,BB01d3,
00000000000001d400000000000001d4,BB01d4,
00000000000001d500000000000001d5,BB01d5,
00000000000001d600000000000001d6,BB01d6,
00000000000001d700000000000001d7,BB01d7,
00000000000001d800000000000001d8,BB01d8,
00000000000001d900000000000001d9,BB01d9,
00000000000001da00000000000001da,BB01da,
00000000000001db00000000000001db,BB01db,
00000000000001dc00000000000001dc,BB01dc,
00000000000001dd00000000000001dd,BB01dd,
00000000000001de00000000000001de,BB01de,
00000000000001df00000000000001df,BB01df,
00000000000001e000000000000001e0,BB01e0,
00000000000001e100000000000001e1,BB01e1,
00000000000001e200000000000001e2,BB01e2,
00000000000001e300000000000001e3,BB01e3,
00000000000001e400000000000001e4,BB01e4,
00000000000001e500000000000001e5,BB01e5,
00000000000001e600000000000001e6,BB01e6,
00000000000001e700000000000001e7,BB01e7,
00000000000001e800000000000001e8,BB01e8,
00000000000001e900000000000001e9,BB01e9,
00000000000001ea00000000000001ea,BB01ea,
00000000000001eb00000000000001eb,BB01eb,
00000000000001ec00000000000001ec,BB01ec,
00000000000001ed00000000000001ed,BB01ed,
00000000000001ee00000000000001ee,BB01ee,
00000000000001ef00000000000001ef,BB01ef,
00000000000001f000000000000001f0,BB01f0,
00000000000001f100000000000001f1,BB01f1,
00000000000001f200000000000001f2,BB01f2,
00000000000001f300000000000001f3,BB01f3,
00000000000001f400000000000001f4,BB01f4,
00000000000001f500000000000001f5,BB01f5,
00000000000001f600000000000001f6,BB01f6,
00000000000001f700000000000001f7,BB01f7,
00000000000001f800000000000001f8,BB01f8,
00000000000001f900000000000001f9,BB01f9,
00000000000001fa00000000000001fa,BB01fa,
00000000000001fb00000000000001fb,BB01fb,
00000000000001fc00000000000001fc,BB01fc,
00000000000001fd00000000000001fd,BB01fd,
00000000000001fe00000000000001fe,BB01fe,
00000000000001ff00000000000001ff,BB01ff,
00000000000002000000000000000200,BB0200,
00000000000002010000000000000201,BB0201,
00000000000002020000000000000202,BB0202,
00000000000002030000000000000203,BB0203,
00000000000002040000000000000204,BB0204,
00000000000002050000000000000205,BB0205,
00000000000002060000000000000206,BB0206,
00000000000002070000000000000207,BB0207,
00000000000002080000000000000208,BB0208,
00000000000002090000000000000209,BB0209,
000000000000020a000000000000020a,BB020a,
000000000000020b000000000000020b,BB020b,
000000000000020c000000000000020c,BB020c,
000000000000020d000000000000020d,BB020d,
000000000000020e000000000000020e,BB020e,
000000000000020f000000000000020f,BB020f,
00000000000002100000000000000210,BB0210,
00000000000002110000000000000211,BB0211,
00000000000002120000000000000212,BB0212,
00000000000002130000000000000213,BB0213,
00000000000002140000000000000214,BB0214,
00000000000002150000000000000215,BB0215,
00000000000002160000000000000216,BB0216,
00000000000002170000000000000217,BB0217,
00000000000002180000000000000218,BB0218,
00000000000002190000000000000219,BB0219,
000000000000021a000000000000021a,BB021a,
000000000000021b000000000000021b,BB021b,
000000000000021c000000000000021c,BB021c,
000000000000021d000000000000021d,BB021d,
000000000000021e000000000000021e,BB021e,
000000000000021f000000000000021f,BB021f,
00000000000002200000000000000220,BB0220,
00000000000002210000000000000221,BB0221,
00000000000002220000000000000222,BB0222,
00000000000002230000000000000223,BB0223,
00000000000002240000000000000224,BB0224,
00000000000002250000000000000225,BB0225,
00000000000002260000000000000226,BB0226,
00000000000002270000000000000227,BB0227,
00000000000002280000000000000228,BB0228,
00000000000002290000000000000229,BB0229,
000000000000022a000000000000022a,BB022a,
000000000000022b000000000000022b,BB022b,
000000000000022c000000000000022c,BB022c,
000000000000022d000000000000022d,BB022d,
000000000000022e000000000000022e,BB022e,
000000000000022f000000000000022f,BB022f,
00000000000002300000000000000230,BB0230,
00000000000002310000000000000231,BB0231,
00000000000002320000000000000232,BB0232,
00000000000002330000000000000233,BB0233,
00000000000002340000000000000234,BB0234,
00000000000002350000000000000235,BB0235,
00000000000002360000000000000236,BB0236,
00000000000002370000000000000237,BB0237,
00000000000002380000000000000238,BB0238,
00000000000002390000000000000239,BB0239,
000000000000023a000000000000023a,BB023a,
000000000000023b000000000000023b,BB023b,
000000000000023c000000000000023c,BB023c,
000000000000023d000000000000023d,BB023d,
000000000000023e000000000000023e,BB023e,
000000000000023f000000000000023f,BB023f,
00000000000002400000000000000240,BB0240,
00000000000002410000000000000241,BB0241,
00000000000002420000000000000242,BB0242,
00000000000002430000000000000243,BB0243,
00000000000002440000000000000244,BB0244,
00000000000002450000000000000245,BB0245,
00000000000002460000000000000246,BB0246,
00000000000002470000000000000247,BB0247,
00000000000002480000000000000248,BB0248,
00000000000002490000000000000249,BB0249,
000000000000024a000000000000024a,BB024a,
000000000000024b000000000000024b,BB024b,
000000000000024c000000000000024c,BB024c,
000000000000024d000000000000024d,BB024d,
000000000000024e000000000000024e,BB024e,
000000000000024f000000000000024f,BB024f,
00000000000002500000000000000250,BB0250,
00000000000002510000000000000251,BB0251,
00000000000002520000000000000252,BB0252,
00000000000002530000000000000253,BB0253,
00000000000002540000000000000254,BB0254,
00000000000002550000000000000255,BB0255,
00000000000002560000000000000256,BB0256,
00000000000002570000000000000257,BB0257,
00000000000002580000000000000258,BB0258,
00000000000002590000000000000259,BB0259,
000000000000025a000000000000025a,BB025a,
000000000000025b000000000000025b,BB025b,
000000000000025c000000000000025c,BB025c,
000000000000025d000000000000025d,BB025d,
000000000000025e000000000000025e,BB025e,
000000000000025f000000000000025f,BB025f,
00000000000002600000000000000260,BB0260,
00000000000002610000000000000261,BB0261,
00000000000002620000000000000262,BB0262,
00000000000002630000000000000263,BB0263,
00000000000002640000000000000264,BB0264,
00000000000002650000000000000265,BB0265,
00000000000002660000000000000266,BB0266,
00000000000002670000000000000267,BB0267,
00000000000002680000000000000268,BB0268,
00000000000002690000000000000269,BB0269,
000000000000026a000000000000026a,BB026a,
000000000000026b000000000000026b,BB026b,
000000000000026c000000000000026c,BB026c,
000000000000026d000000000000026d,BB026d,
000000000000026e000000000000026e,BB026e,
000000000000026f000000000000026f,BB026f,
00000000000002700000000000000270,BB0270,
00000000000002710000000000000271,BB0271,
00000000000002720000000000000272,BB0272,
00000000000002730000000000000273,BB0273,
00000000000002740000000000000274,BB0274,
00000000000002750000000000000275,BB0275,
00000000000002760000000000000276,BB0276,
00000000000002770000000000000277,BB0277,
00000000000002780000000000000278,BB0278,
00000000000002790000000000000279,BB0279,
000000000000027a000000000000027a,BB027a,
000000000000027b000000000000027b,BB027b,
000000000000027c000000000000027c,BB027c,
000000000000027d000000000000027d,BB027d,
000000000000027e000000000000027e,BB027e,
000000000000027f000000000000027f,BB027f,
00000000000002800000000000000280,BB0280,
00000000000002810000000000000281,BB0281,
00000000000002820000000000000282,BB0282,
00000000000002830000000000000283,BB0283,
00000000000002840000000000000284,BB0284,
00000000000002850000000000000285,BB0285,
00000000000002860000000000000286,BB0286,
00000000000002870000000000000287,BB0287,
00000000000002880000000000000288,BB0288,
00000000000002890000000000000289,BB0289,
000000000000028a000000000000028a,BB028a,
000000000000028b000000000000028b,BB028b,
000000000000028c000000000000028c,BB028c,
000000000000028d000000000000028d,BB028d,
000000000000028e000000000000028e,BB028e,
000000000000028f000000000000028f,BB028f,
00000000000002900000000000000290,BB0290,
00000000000002910000000000000291,BB0291,
00000000000002920000000000000292,BB0292,
00000000000002930000000000000293,BB0293,
00000000000002940000000000000294,BB0294,
00000000000002950000000000000295,BB0295,
00000000000002960000000000000296,BB0296,
00000000000002970000000000000297,BB0297,
00000000000002980000000000000298,BB0298,
00000000000002990000000000000299,BB0299,
000000000000029a000000000000029a,BB029a,
000000000000029b000000000000029b,BB029b,
000000000000029c000000000000029c,BB029c,
000000000000029d000000000000029d,BB029d,
000000000000029e000000000000029e,BB029e,
000000000000029f000000000000029f,BB029f,
00000000000002a000000000000002a0,BB02a0,
00000000000002a100000000000002a1,BB02a1,
00000000000002a200000000000002a2,BB02a2,
00000000000002a300000000000002a3,BB02a3,
00000000000002a400000000000002a4,BB02a4,
00000000000002a500000000000002a5,BB02a5,
00000000000002a600000000000002a6,BB02a6,
00000000000002a700000000000002a7,BB02a7,
00000000000002a800000000000002a8,BB02a8,
00000000000002a900000000000002a9,BB02a9,
00000000000002aa00000000000002aa,BB02aa,
00000000000002ab00000000000002ab,BB02ab,
00000000000002ac00000000000002ac,BB02ac,
00000000000002ad00000000000002ad,BB02ad,
00000000000002ae00000000000002ae,BB02ae,
00000000000002af00000000000002af,BB02af,
00000000000002b000000000000002b0,BB02b0,
00000000000002b100000000000002b1,BB02b1,
00000000000002b200000000000002b2,BB02b2,
00000000000002b300000000000002b3,BB02b3,
00000000000002b400000000000002b4,BB02b4,
00000000000002b500000000000002b5,BB02b5,
00000000000002b600000000000002b6,BB02b6,
00000000000002b700000000000002b7,BB02b7,
00000000000002b800000000000002b8,BB02b8,
00000000000002b900000000000002b9,BB02b9,
00000000000002ba00000000000002ba,BB02ba,
00000000000002bb00000000000002bb,BB02bb,
00000000000002bc00000000000002bc,BB02bc,
00000000000002bd00000000000002bd,BB02bd,
00000000000002be00000000000002be,BB02be,
00000000000002bf00000000000002bf,BB02bf,
00000000000002c000000000000002c0,BB02c0,
00000000000002c100000000000002c1,BB02c1,
00000000000002c200000000000002c2,BB02c2,
00000000000002c300000000000002c3,BB02c3,
00000000000002c400000000000002c4,BB02c4,
00000000000002c500000000000002c5,BB02c5,
00000000000002c600000000000002c6,BB02c6,
00000000000002c700000000000002c7,BB02c7,
00000000000002c800000000000002c8,BB02c8,
00000000000002c900000000000002c9,BB02c9,
00000000000002ca00000000000002ca,BB02ca,
00000000000002cb00000000000002cb,BB02cb,
00000000000002cc00000000000002cc,BB02cc,
00000000000002cd00000000000002cd,BB02cd,
00000000000002ce00000000000002ce,BB02ce,
00000000000002cf00000000000002cf,BB02cf,
00000000000002d000000000000002d0,BB02d0,
00000000000002d100000000000002d1,BB02d1,
00000000000002d200000000000002d2,BB02d2,
00000000000002d300000000000002d3,BB02d3,
00000000000002d400000000000002d4,BB02d4,
00000000000002d500000000000002d5,BB02d5,
00000000000002d600000000000002d6,BB02d6,
00000000000002d700000000000002d7,BB02d7,
00000000000002d800000000000002d8,BB02d8,
00000000000002d900000000000002d9,BB02d9,
00000000000002da00000000000002da,BB02da,
00000000000002db00000000000002db,BB02db,
00000000000002dc00000000000002dc,BB02dc,
00000000000002dd00000000000002dd,BB02dd,
00000000000002de00000000000002de,BB02de,
00000000000002df00000000000002df,BB02df,
00000000000002e000000000000002e0,BB02e0,
00000000000002e100000000000002e1,BB02e1,
00000000000002e200000000000002e2,BB02e2,
00000000000002e300000000000002e3,BB02e3,
00000000000002e400000000000002e4,BB02e4,
00000000000002e500000000000002e5,BB02e5,
00000000000002e600000000000002e6,BB02e6,
00000000000002e700000000000002e7,BB02e7,
00000000000002e800000000000002e8,BB02e8,
00000000000002e900000000000002e9,BB02e9,
00000000000002ea00000000000002ea,BB02ea,
00000000000002eb00000000000002eb,BB02eb,
00000000000002ec00000000000002ec,BB02ec,
00000000000002ed00000000000002ed,BB02ed,
00000000000002ee00000000000002ee,BB02ee,
00000000000002ef00000000000002ef,BB02ef,
00000000000002f000000000000002f0,BB02f0,
00000000000002f100000000000002f1,BB02f1,
00000000000002f200000000000002f2,BB02f2,
00000000000002f300000000000002f3,BB02f3,
00000000000002f400000000000002f4,BB02f4,
00000000000002f500000000000002f5,BB02f5,
00000000000002f600000000000002f6,BB02f6,
00000000000002f700000000000002f7,BB02f7,
00000000000002f800000000000002f8,BB02f8,
00000000000002f900000000000002f9,BB02f9,
00000000000002fa00000000000002fa,BB02fa,
00000000000002fb00000000000002fb,BB02fb,
00000000000002fc00000000000002fc,BB02fc,
00000000000002fd00000000000002fd,BB02fd,
00000000000002fe00000000000002fe,BB02fe,
00000000000002ff00000000000002ff,BB02ff,
00000000000003000000000000000300,BB0300,
00000000000003010000000000000301,BB0301,
00000000000003020000000000000302,BB0302,
00000000000003030000000000000303,BB0303,
00000000000003040000000000000304,BB0304,
00000000000003050000000000000305,BB0305,
00000000000003060000000000000306,BB0306,
00000000000003070000000000000307,BB0307,
00000000000003080000000000000308,BB0308,
00000000000003090000000000000309,BB0309,
000000000000030a000000000000030a,BB030a,
000000000000030b000000000000030b,BB030b,
000000000000030c000000000000030c,BB030c,
000000000000030d000000000000030d,BB030d,
000000000000030e000000000000030e,BB030e,
000000000000030f000000000000030f,BB030f,
00000000000003100000000000000310,BB0310,
00000000000003110000000000000311,BB0311,
00000000000003120000000000000312,BB0312,
00000000000003130000000000000313,BB0313,
00000000000003140000000000000314,BB0314,
00000000000003150000000000000315,BB0315,
00000000000003160000000000000316,BB0316,
00000000000003170000000000000317,BB0317,
00000000000003180000000000000318,BB0318,
00000000000003190000000000000319,BB0319,
000000000000031a000000000000031a,BB031a,
000000000000031b000000000000031b,BB031b,
000000000000031c000000000000031c,BB031c,
000000000000031d000000000000031d,BB031d,
000000000000031e000000000000031e,BB031e,
000000000000031f000000000000031f,BB031f,
00000000000003200000000000000320,BB0320,
00000000000003210000000000000321,BB0321,
00000000000003220000000000000322,BB0322,
00000000000003230000000000000323,BB0323,
00000000000003240000000000000324,BB0324,
00000000000003250000000000000325,BB0325,
00000000000003260000000000000326,BB0326,
00000000000003270000000000000327,BB0327,
00000000000003280000000000000328,BB0328,
00000000000003290000000000000329,BB0329,
000000000000032a000000000000032a,BB032a,
000000000000032b000000000000032b,BB032b,
000000000000032c000000000000032c,BB032c,
000000000000032d000000000000032d,BB032d,
000000000000032e000000000000032e,BB032e,
000000000000032f000000000000032f,BB032f,
00000000000003300000000000000330,BB0330,
00000000000003310000000000000331,BB0331,
00000000000003320000000000000332,BB0332,
00000000000003330000000000000333,BB0333,
00000000000003340000000000000334,BB0334,
00000000000003350000000000000335,BB0335,
00000000000003360000000000000336,BB0336,
00000000000003370000000000000337,BB0337,
00000000000003380000000000000338,BB0338,
00000000000003390000000000000339,BB0339,
000000000000033a000000000000033a,BB033a,
000000000000033b000000000000033b,BB033b,
000000000000033c000000000000033c,BB033c,
000000000000033d000000000000033d,BB033d,
000000000000033e000000000000033e,BB033e,
000000000000033f000000000000033f,BB033f,
00000000000003400000000000000340,BB0340,
00000000000003410000000000000341,BB0341,
00000000000003420000000000000342,BB0342,
00000000000003430000000000000343,BB0343,
00000000000003440000000000000344,BB0344,
00000000000003450000000000000345,BB0345,
00000000000003460000000000000346,BB0346,
00000000000003470000000000000347,BB0347,
00000000000003480000000000000348,BB0348,
00000000000003490000000000000349,BB0349,
000000000000034a000000000000034a,BB034a,
000000000000034b000000000000034b,BB034b,
000000000000034c000000000000034c,BB034c,
000000000000034d000000000000034d,BB034d,
000000000000034e000000000000034e,BB034e,
000000000000034f000000000000034f,BB034f,
00000000000003500000000000000350,BB0350,
00000000000003510000000000000351,BB0351,
00000000000003520000000000000352,BB0352,
00000000000003530000000000000353,BB0353,
00000000000003540000000000000354,BB0354,
00000000000003550000000000000355,BB0355,
00000000000003560000000000000356,BB0356,
00000000000003570000000000000357,BB0357,
00000000000003580000000000000358,BB0358,
00000000000003590000000000000359,BB0359,
000000000000035a000000000000035a,BB035a,
000000000000035b000000000000035b,BB035b,
000000000000035c000000000000035c,BB035c,
000000000000035d000000000000035d,BB035d,
000000000000035e000000000000035e,BB035e,
000000000000035f000000000000035f,BB035f,
00000000000003600000000000000360,BB0360,
00000000000003610000000000000361,BB0361,
00000000000003620000000000000362,BB0362,
00000000000003630000000000000363,BB0363,
00000000000003640000000000000364,BB0364,
00000000000003650000000000000365,BB0365,
00000000000003660000000000000366,BB0366,
00000000000003670000000000000367,BB0367,
00000000000003680000000000000368,BB0368,
00000000000003690000000000000369,BB0369,
000000000000036a000000000000036a,BB036a,
000000000000036b000000000000036b,BB036b,
000000000000036c000000000000036c,BB036c,
000000000000036d000000000000036d,BB036d,
000000000000036e000000000000036e,BB036e,
000000000000036f000000000000036f,BB036f,
00000000000003700000000000000370,BB0370,
00000000000003710000000000000371,BB0371,
00000000000003720000000000000372,BB0372,
00000000000003730000000000000373,BB0373,
00000000000003740000000000000374,BB0374,
00000000000003750000000000000375,BB0375,
00000000000003760000000000000376,BB0376,
00000000000003770000000000000377,BB0377,
00000000000003780000000000000378,BB0378,
00000000000003790000000000000379,BB0379,
000000000000037a000000000000037a,BB037a,
000000000000037b000000000000037b,BB037b,
000000000000037c000000000000037c,BB037c,
000000000000037d000000000000037d,BB037d,
000000000000037e000000000000037e,BB037e,
000000000000037f000000000000037f,BB037f,
00000000000003800000000000000380,BB0380,
00000000000003810000000000000381,BB0381,
00000000000003820000000000000382,BB0382,
00000000000003830000000000000383,BB0383,
00000000000003840000000000000384,BB0384,
00000000000003850000000000000385,BB0385,
00000000000003860000000000000386,BB0386,
00000000000003870000000000000387,BB0387,
00000000000003880000000000000388,BB0388,
00000000000003890000000000000389,BB0389,
000000000000038a000000000000038a,BB038a,
000000000000038b000000000000038b,BB038b,
000000000000038c000000000000038c,BB038c,
000000000000038d000000000000038d,BB038d,
000000000000038e000000000000038e,BB038e,
000000000000038f000000000000038f,BB038f,
00000000000003900000000000000390,BB0390,
00000000000003910000000000000391,BB0391,
00000000000003920000000000000392,BB0392,
00000000000003930000000000000393,BB0393,
00000000000003940000000000000394,BB0394,
00000000000003950000000000000395,BB0395,
00000000000003960000000000000396,BB0396,
00000000000003970000000000000397,BB0397,
00000000000003980000000000000398,BB0398,
00000000000003990000000000000399,BB0399,
000000000000039a000000000000039a,BB039a,
000000000000039b000000000000039b,BB039b,
000000000000039c000000000000039c,BB039c,
000000000000039d000000000000039d,BB039d,
000000000000039e000000000000039e,BB039e,
000000000000039f000000000000039f,BB039f,
00000000000003a000000000000003a0,BB03a0,
00000000000003a100000000000003a1,BB03a1,
00000000000003a200000000000003a2,BB03a2,
00000000000003a300000000000003a3,BB03a3,
00000000000003a400000000000003a4,BB03a4,
00000000000003a500000000000003a5,BB03a5,
00000000000003a600000000000003a6,BB03a6,
00000000000003a700000000000003a7,BB03a7,
00000000000003a800000000000003a8,BB03a8,
00000000000003a900000000000003a9,BB03a9,
00000000000003aa00000000000003aa,BB03aa,
00000000000003ab00000000000003ab,BB03ab,
00000000000003ac00000000000003ac,BB03ac,
00000000000003ad00000000000003ad,BB03ad,
00000000000003ae00000000000003ae,BB03ae,
00000000000003af00000000000003af,BB03af,
00000000000003b000000000000003b0,BB03b0,
00000000000003b100000000000003b1,BB03b1,
00000000000003b200000000000003b2,BB03b2,
00000000000003b300000000000003b3,BB03b3,
00000000000003b400000000000003b4,BB03b4,
00000000000003b500000000000003b5,BB03b5,
00000000000003b600000000000003b6,BB03b6,
00000000000003b700000000000003b7,BB03b7,
00000000000003b800000000000003b8,BB03b8,
00000000000003b900000000000003b9,BB03b9,
00000000000003ba00000000000003ba,BB03ba,
00000000000003bb00000000000003bb,BB03bb,
00000000000003bc00000000000003bc,BB03bc,
00000000000003bd00000000000003bd,BB03bd,
00000000000003be00000000000003be,BB03be,
00000000000003bf00000000000003bf,BB03bf,
00000000000003c000000000000003c0,BB03c0,
00000000000003c100000000000003c1,BB03c1,
00000000000003c200000000000003c2,BB03c2,
00000000000003c300000000000003c3,BB03c3,
00000000000003c400000000000003c4,BB03c4,
00000000000003c500000000000003c5,BB03c5,
00000000000003c600000000000003c6,BB03c6,
00000000000003c700000000000003c7,BB03c7,
00000000000003c800000000000003c8,BB03c8,
00000000000003c900000000000003c9,BB03c9,
00000000000003ca00000000000003ca,BB03ca,
00000000000003cb00000000000003cb,BB03cb,
00000000000003cc00000000000003cc,BB03cc,
00000000000003cd00000000000003cd,BB03cd,
00000000000003ce00000000000003ce,BB03ce,
00000000000003cf00000000000003cf,BB03cf,
00000000000003d000000000000003d0,BB03d0,
00000000000003d100000000000003d1,BB03d1,
00000000000003d200000000000003d2,BB03d2,
00000000000003d300000000000003d3,BB03d3,
00000000000003d400000000000003d4,BB03d4,
00000000000003d500000000000003d5,BB03d5,
00000000000003d600000000000003d6,BB03d6,
00000000000003d700000000000003d7,BB03d7,
00000000000003d800000000000003d8,BB03d8,
00000000000003d900000000000003d9,BB03d9,
00000000000003da00000000000003da,BB03da,
00000000000003db00000000000003db,BB03db,
00000000000003dc00000000000003dc,BB03dc,
00000000000003dd00000000000003dd,BB03dd,
00000000000003de00000000000003de,BB03de,
00000000000003df00000000000003df,BB03df,
00000000000003e000000000000003e0,BB03e0,
00000000000003e100000000000003e1,BB03e1,
00000000000003e200000000000003e2,BB03e2,
00000000000003e300000000000003e3,BB03e3,
00000000000003e400000000000003e4,BB03e4,
00000000000003e500000000000003e5,BB03e5,
00000000000003e600000000000003e6,BB03e6,
00000000000003e700000000000003e7,BB03e7,
00000000000003e800000000000003e8,BB03e8,
00000000000003e900000000000003e9,BB03e9,
00000000000003ea00000000000003ea,BB03ea,
00000000000003eb00000000000003eb,BB03eb,
00000000000003ec00000000000003ec,BB03ec,
00000000000003ed00000000000003ed,BB03ed,
00000000000003ee00000000000003ee,BB03ee,
00000000000003ef00000000000003ef,BB03ef,
00000000000003f000000000000003f0,BB03f0,
00000000000003f100000000000003f1,BB03f1,
00000000000003f200000000000003f2,BB03f2,
00000000000003f300000000000003f3,BB03f3,
00000000000003f400000000000003f4,BB03f4,
00000000000003f500000000000003f5,BB03f5,
00000000000003f600000000000003f6,BB03f6,
00000000000003f700000000000003f7,BB03f7,
00000000000003f800000000000003f8,BB03f8,
00000000000003f900000000000003f9,BB03f9,
00000000000003fa00000000000003fa,BB03fa,
00000000000003fb00000000000003fb,BB03fb,
00000000000003fc00000000000003fc,BB03fc,
00000000000003fd00000000000003fd,BB03fd,
00000000000003fe00000000000003fe,BB03fe,
00000000000003ff00000000000003ff,BB03ff,
